,类型,名称,版权,href
912,电影,流感,,//www.iqiyi.com/v_19rrhoipqg.html
913,电影,菊豆,//pic0.iqiyipic.com/common/20171106/ac/1b/vip_100000_v_601_0_21.png,//www.iqiyi.com/v_19rr7p31qg.html
914,电影,回魂夜,//pic0.iqiyipic.com/common/20171106/ac/1b/vip_100000_v_601_0_21.png,//www.iqiyi.com/v_19rrj52998.html
915,电影,一路顺疯,//pic0.iqiyipic.com/common/20171106/ac/1b/vip_100000_v_601_0_21.png,//www.iqiyi.com/v_19rrg0bus0.html
916,电影,特种兵王3之战天娇,//www.iqiyipic.com/common/fix/site-v4/video-mark/only.png,//www.iqiyi.com/v_19rw1u18xg.html
917,电影,法医宋慈,//www.iqiyipic.com/common/fix/site-v4/video-mark/only.png,//www.iqiyi.com/v_19rvxgce5s.html
918,电影,九指神丐,//www.iqiyipic.com/common/fix/site-v4/video-mark/only.png,//www.iqiyi.com/v_19rwftc3j8.html
919,电影,亲爱的新年好,//pic0.iqiyipic.com/common/20171106/ac/1b/vip_100000_v_601_0_21.png,//www.iqiyi.com/v_19ruzyr10c.html
920,电影,雾隐怪客,//www.iqiyipic.com/common/fix/site-v4/video-mark/only.png,//www.iqiyi.com/v_19rw1cqdm4.html
921,电影,半个喜剧,//pic0.iqiyipic.com/common/20171106/ac/1b/vip_100000_v_601_0_21.png,//www.iqiyi.com/v_19rv62nbf8.html
922,电影,传染病,//pic0.iqiyipic.com/common/20171106/ac/1b/vip_100000_v_601_0_21.png,//www.iqiyi.com/v_19rra5qi8w.html
923,电影,叶问4：完结篇,//pic2.iqiyipic.com/common/20171106/bc/1b/vip_100002_v_601_0_21.png,//www.iqiyi.com/v_19rrc1di2c.html
924,电影,杀人者,//pic0.iqiyipic.com/common/20171106/ac/1b/vip_100000_v_601_0_21.png,//www.iqiyi.com/v_19rrmjocj0.html
925,电影,新封神姜子牙,//www.iqiyipic.com/common/fix/site-v4/video-mark/only.png,//www.iqiyi.com/v_19rtshvm5w.html
926,电影,犯罪现场,//pic0.iqiyipic.com/common/20171106/ac/1b/vip_100000_v_601_0_21.png,//www.iqiyi.com/v_19rumnl320.html
927,电影,新乌龙院之笑闹江湖,//www.iqiyipic.com/common/fix/site-v4/video-mark/only.png,//www.iqiyi.com/v_19rrbrdcz0.html
928,电影,灭门,//pic0.iqiyipic.com/common/20171106/ac/1b/vip_100000_v_601_0_21.png,//www.iqiyi.com/v_19rr7qcgfc.html
929,电影,宠爱,//pic0.iqiyipic.com/common/20171106/ac/1b/vip_100000_v_601_0_21.png,//www.iqiyi.com/v_19rsfjt0l4.html
930,电影,大师兄,//www.iqiyipic.com/common/fix/site-v4/video-mark/only.png,//www.iqiyi.com/v_19rr0xafmg.html
931,电影,大嫂,//www.iqiyipic.com/common/fix/site-v4/video-mark/self.png,//www.iqiyi.com/v_19rre83m48.html
932,电影,斗牛,//pic0.iqiyipic.com/common/20171106/ac/1b/vip_100000_v_601_0_21.png,//www.iqiyi.com/v_19rrjems7c.html
933,电影,甩皮鬼,,//www.iqiyi.com/v_19rrmy64ck.html
934,电影,荒岛求生2背后杀机,//www.iqiyipic.com/common/fix/site-v4/video-mark/only.png,//www.iqiyi.com/v_19rttas5bw.html
935,电影,苹果,//pic0.iqiyipic.com/common/20171106/ac/1b/vip_100000_v_601_0_21.png,//www.iqiyi.com/v_19rrhuojvs.html
936,电影,老九门番外之二月花开,//www.iqiyipic.com/common/fix/site-v4/video-mark/self.png,//www.iqiyi.com/v_19rr9a8i4s.html
937,电影,哪吒之魔童降世,//pic0.iqiyipic.com/common/20180528/ac/1b/vip_100004_v_601_0_21.png,//www.iqiyi.com/v_19rrcuke28.html
938,电影,巨鳄岛,//www.iqiyipic.com/common/fix/site-v4/video-mark/only.png,//www.iqiyi.com/v_19rwcppfj4.html
939,电影,阿丽塔：战斗天使,//www.iqiyipic.com/common/fix/site-v4/video-mark/only.png,//www.iqiyi.com/v_19rr8ie73o.html
940,电影,电锯惊魂8：竖锯,//www.iqiyipic.com/common/fix/site-v4/video-mark/only.png,//www.iqiyi.com/v_19rr8cyldo.html
941,电影,狂暴巨兽,//pic0.iqiyipic.com/common/20171106/ac/1b/vip_100000_v_601_0_21.png,//www.iqiyi.com/v_19rrfni04s.html
942,电影,追龙番外之十亿探长,//www.iqiyipic.com/common/fix/site-v4/video-mark/only.png,//www.iqiyi.com/v_19rwlu1d8g.html
943,电影,特警队,//pic0.iqiyipic.com/common/20171106/ac/1b/vip_100000_v_601_0_21.png,//www.iqiyi.com/v_19rv5uojk4.html
944,电影,潘金莲,//pic0.iqiyipic.com/common/20171106/ac/1b/vip_100000_v_601_0_21.png,//www.iqiyi.com/v_19rrmy6yhs.html
945,电影,横行霸道,//www.iqiyipic.com/common/fix/site-v4/video-mark/only.png,//www.iqiyi.com/v_19rsb8pyfg.html
946,电影,前度,//pic0.iqiyipic.com/common/20171106/ac/1b/vip_100000_v_601_0_21.png,//www.iqiyi.com/v_19rrjbexzo.html
947,电影,中国机长,//pic0.iqiyipic.com/common/20171106/ac/1b/vip_100000_v_601_0_21.png,//www.iqiyi.com/v_19rsho7kz8.html
948,电影,我来自北京之过年好,//www.iqiyipic.com/common/fix/site-v4/video-mark/only.png,//www.iqiyi.com/v_19rw96dz1s.html
949,电影,龙棺古墓2亡灵之花,//www.iqiyipic.com/common/fix/site-v4/video-mark/only.png,//www.iqiyi.com/v_19rsje19ww.html
950,电影,鼠胆英雄,//pic0.iqiyipic.com/common/20171106/ac/1b/vip_100000_v_601_0_21.png,//www.iqiyi.com/v_19rsjqm1zg.html
951,电影,少年的你,//pic0.iqiyipic.com/common/20171106/ac/1b/vip_100000_v_601_0_21.png,//www.iqiyi.com/v_19rqybn92k.html
952,电影,特殊身份,//pic0.iqiyipic.com/common/20171106/ac/1b/vip_100000_v_601_0_21.png,//www.iqiyi.com/v_19rriful2y.html
953,电影,死侍2：我爱我家,//www.iqiyipic.com/common/fix/site-v4/video-mark/only.png,//www.iqiyi.com/v_19rr7p0tvk.html
954,电影,不忠,//pic0.iqiyipic.com/common/20171106/ac/1b/vip_100000_v_601_0_21.png,//www.iqiyi.com/v_19rrn70w8c.html
955,电影,东方秃鹰,,//www.iqiyi.com/v_19rr7qfg94.html
956,电影,玩命,//www.iqiyipic.com/common/fix/site-v4/video-mark/only.png,//www.iqiyi.com/v_19rrc9drvg.html
957,电影,西虹市首富,//pic0.iqiyipic.com/common/20171106/ac/1b/vip_100000_v_601_0_21.png,//www.iqiyi.com/v_19rrf2nw1g.html
958,电影,翻滚吧阿信,//pic0.iqiyipic.com/common/20171106/ac/1b/vip_100000_v_601_0_21.png,//www.iqiyi.com/v_19rrk03eu4.html
959,电影,举起手来2追击阿多丸,//pic0.iqiyipic.com/common/20171106/ac/1b/vip_100000_v_601_0_21.png,//www.iqiyi.com/v_19rrmx9p10.html
960,电影,重来,,//www.iqiyi.com/v_19rrmwey0s.html
961,电影,中南海保镖,//pic0.iqiyipic.com/common/20171106/ac/1b/vip_100000_v_601_0_21.png,//www.iqiyi.com/v_19rr7r6lzw.html
962,电影,叶问外传：张天志,//pic0.iqiyipic.com/common/20171106/ac/1b/vip_100000_v_601_0_21.png,//www.iqiyi.com/v_19rrc14898.html
963,电影,孤胆特工,//pic0.iqiyipic.com/common/20171106/ac/1b/vip_100000_v_601_0_21.png,//www.iqiyi.com/v_19rrho7miw.html
964,电影,三重威胁之跨国大营救,//www.iqiyipic.com/common/fix/site-v4/video-mark/only.png,//www.iqiyi.com/v_19rsi5tllg.html
965,电影,火影忍者剧场版：博人传,//pic0.iqiyipic.com/common/20171106/ac/1b/vip_100000_v_601_0_21.png,//www.iqiyi.com/v_19rr7q6pu4.html
966,电影,偷窥,//pic0.iqiyipic.com/common/20171106/ac/1b/vip_100000_v_601_0_21.png,//www.iqiyi.com/v_19rrl56nno.html
967,电影,生化危机2：启示录,//pic0.iqiyipic.com/common/20171106/ac/1b/vip_100000_v_601_0_21.png,//www.iqiyi.com/v_19rrk3qn14.html
968,电影,僵尸先生,,//www.iqiyi.com/v_19rr7r6gls.html
969,电影,玩大的,//pic0.iqiyipic.com/common/20171106/ac/1b/vip_100000_v_601_0_21.png,//www.iqiyi.com/v_19rrjaia6o.html
970,电影,新世界,//pic0.iqiyipic.com/common/20171106/ac/1b/vip_100000_v_601_0_21.png,//www.iqiyi.com/v_19rrgz4do4.html
971,电影,陈情令之生魂,//www.iqiyipic.com/common/fix/site-v4/video-mark/only.png,//www.iqiyi.com/v_19rveykozo.html
972,电影,惊天魔盗团,//pic0.iqiyipic.com/common/20171106/ac/1b/vip_100000_v_601_0_21.png,//www.iqiyi.com/v_19rrifuym4.html
973,电影,僵尸至尊,//pic0.iqiyipic.com/common/20171106/ac/1b/vip_100000_v_601_0_21.png,//www.iqiyi.com/v_19rrhjtn9c.html
974,电影,仙医神厨,//www.iqiyipic.com/common/fix/site-v4/video-mark/only.png,//www.iqiyi.com/v_19rrlm3bwo.html
975,电影,战狼,,//www.iqiyi.com/v_19rrnqxz7k.html
976,电影,绝色武器,,//www.iqiyi.com/v_19rrk40rd0.html
977,电影,夺命地铁,//pic0.iqiyipic.com/common/20171106/ac/1b/vip_100000_v_601_0_21.png,//www.iqiyi.com/v_19rrkqrbm0.html
978,电影,大天蓬,//www.iqiyipic.com/common/fix/site-v4/video-mark/only.png,//www.iqiyi.com/v_19rwih4n30.html
979,电影,他们已不再变老,//pic1.iqiyipic.com/common/20171106/bd/1b/vip_100001_v_601_0_21.png,//www.iqiyi.com/v_19rqssjshg.html
980,电影,变异狂蟒,//www.iqiyipic.com/common/fix/site-v4/video-mark/only.png,//www.iqiyi.com/v_19rr5m9wpw.html
981,电影,要钱不要命,//pic0.iqiyipic.com/common/20171106/ac/1b/vip_100000_v_601_0_21.png,//www.iqiyi.com/v_19rrno9c58.html
982,电影,深海x异种2,//www.iqiyipic.com/common/fix/site-v4/video-mark/only.png,//www.iqiyi.com/v_19rshltlvo.html
983,电影,极速复仇,//pic0.iqiyipic.com/common/20171106/ac/1b/vip_100000_v_601_0_21.png,//www.iqiyi.com/v_19rrk1a3rk.html
984,电影,辛弃疾1162,//www.iqiyipic.com/common/fix/site-v4/video-mark/only.png,//www.iqiyi.com/v_19rwfzgz7w.html
985,电影,生死狙击,//pic0.iqiyipic.com/common/20171106/ac/1b/vip_100000_v_601_0_21.png,//www.iqiyi.com/v_19rrk3pi9g.html
986,电影,百万巨鳄,,//www.iqiyi.com/v_19rrhoh33g.html
987,电影,飞驰人生,//pic0.iqiyipic.com/common/20171106/ac/1b/vip_100000_v_601_0_21.png,//www.iqiyi.com/v_19rqy4kans.html
988,电影,速度与激情5,//pic0.iqiyipic.com/common/20171106/ac/1b/vip_100000_v_601_0_21.png,//www.iqiyi.com/v_19rri0vxp0.html
989,电影,灭狼行动,//www.iqiyipic.com/common/fix/site-v4/video-mark/only.png,//www.iqiyi.com/v_19rwgfu2b8.html
990,电影,原谅他77次,,//www.iqiyi.com/v_19rr7pk67o.html
991,电影,新喜剧之王,//pic0.iqiyipic.com/common/20171106/ac/1b/vip_100000_v_601_0_21.png,//www.iqiyi.com/v_19rqrgpp5k.html
992,电影,鬼吹灯之巫峡棺山,//www.iqiyipic.com/common/fix/site-v4/video-mark/only.png,//www.iqiyi.com/v_19rsmg7as4.html
993,电影,血战迷魂岭,//www.iqiyipic.com/common/fix/site-v4/video-mark/only.png,//www.iqiyi.com/v_19rv29br7g.html
994,电影,金刚：骷髅岛,//pic0.iqiyipic.com/common/20171106/ac/1b/vip_100000_v_601_0_21.png,//www.iqiyi.com/v_19rr7q6e38.html
995,电影,碟中谍6：全面瓦解,//pic0.iqiyipic.com/common/20171106/ac/1b/vip_100000_v_601_0_21.png,//www.iqiyi.com/v_19rrfpkfsk.html
996,电影,“大”人物,//pic0.iqiyipic.com/common/20171106/ac/1b/vip_100000_v_601_0_21.png,//www.iqiyi.com/v_19rr6gf1rs.html
997,电影,恐怖理发店,//pic0.iqiyipic.com/common/20171106/ac/1b/vip_100000_v_601_0_21.png,//www.iqiyi.com/v_19rr7csgsk.html
998,电影,疾速备战,//www.iqiyipic.com/common/fix/site-v4/video-mark/only.png,//www.iqiyi.com/v_19rr7p0ns4.html
999,电影,澳门风云,//pic0.iqiyipic.com/common/20171106/ac/1b/vip_100000_v_601_0_21.png,//www.iqiyi.com/v_19rrhv2zrg.html
1000,电影,追龙2：追缉大富豪,//pic0.iqiyipic.com/common/20171106/ac/1b/vip_100000_v_601_0_21.png,//www.iqiyi.com/v_19rsgss5mw.html
1001,电影,艳遇(2013),//pic0.iqiyipic.com/common/20171106/ac/1b/vip_100000_v_601_0_21.png,//www.iqiyi.com/v_19rrg0smug.html
1002,电影,全球风暴,//pic0.iqiyipic.com/common/20171106/ac/1b/vip_100000_v_601_0_21.png,//www.iqiyi.com/v_19rr7pl8vg.html
1003,电影,只手遮天（1996）,//pic0.iqiyipic.com/common/20171106/ac/1b/vip_100000_v_601_0_21.png,//www.iqiyi.com/v_19rrk27dk0.html
1004,电影,灵魂摆渡黄泉,//www.iqiyipic.com/common/fix/site-v4/video-mark/only.png,//www.iqiyi.com/v_19rrfkek9w.html
1005,电影,狄仁杰探案,//www.iqiyipic.com/common/fix/site-v4/video-mark/only.png,//www.iqiyi.com/v_19rwk6g4jk.html
1006,电影,荒野女人,,//www.iqiyi.com/v_19rqw1koyg.html
1007,电影,整蛊专家,,//www.iqiyi.com/v_19rrj5a7v4.html
1008,电影,一眉道人,,//www.iqiyi.com/v_19rr4zhc0s.html
1009,电影,一念天堂,,//www.iqiyi.com/v_19rrlcgb4w.html
1010,电影,僵尸训练营,//pic0.iqiyipic.com/common/20171106/ac/1b/vip_100000_v_601_0_21.png,//www.iqiyi.com/v_19rr7pgu7g.html
1011,电影,精武英雄,,//www.iqiyi.com/v_19rrho7c7w.html
1012,电影,铁血飞虎,//www.iqiyipic.com/common/fix/site-v4/video-mark/only.png,//www.iqiyi.com/v_19rrcn3gnc.html
1013,电影,特警使命之全城危机,//www.iqiyipic.com/common/fix/site-v4/video-mark/only.png,//www.iqiyi.com/v_19rwgomd9g.html
1014,电影,聊斋新编之画皮新娘,//pic0.iqiyipic.com/common/20171106/ac/1b/vip_100000_v_601_0_21.png,//www.iqiyi.com/v_19rra0wmo0.html
1015,电影,红海行动,//pic0.iqiyipic.com/common/20171106/ac/1b/vip_100000_v_601_0_21.png,//www.iqiyi.com/v_19rr7plwdc.html
1016,电影,至尊无上之永霸天下,//pic0.iqiyipic.com/common/20171106/ac/1b/vip_100000_v_601_0_21.png,//www.iqiyi.com/v_19rrj5uot4.html
1017,电影,特种部队2：全面反击,//pic0.iqiyipic.com/common/20171106/ac/1b/vip_100000_v_601_0_21.png,//www.iqiyi.com/v_19rrfxa8lw.html
1018,电影,等到烟暖雨收,//www.iqiyipic.com/common/fix/site-v4/video-mark/only.png,//www.iqiyi.com/v_19rqw2f5rc.html
1019,电影,致命狙杀,//www.iqiyipic.com/common/fix/site-v4/video-mark/only.png,//www.iqiyi.com/v_19ru1rclcs.html
1020,电影,扫毒2：天地对决,//pic0.iqiyipic.com/common/20171106/ac/1b/vip_100000_v_601_0_21.png,//www.iqiyi.com/v_19rrcusdf0.html
1021,电影,触不可及,,//www.iqiyi.com/v_19rrn52pn0.html
1022,电影,赌神,,//www.iqiyi.com/v_19rrj5o9ak.html
1023,电影,猛虫过江,//pic0.iqiyipic.com/common/20171106/ac/1b/vip_100000_v_601_0_21.png,//www.iqiyi.com/v_19rrbooge4.html
1024,电影,诛仙Ⅰ,//pic0.iqiyipic.com/common/20171106/ac/1b/vip_100000_v_601_0_21.png,//www.iqiyi.com/v_19rqwth5yg.html
1025,电影,驱魔警察,,//www.iqiyi.com/v_19rrjbc2k0.html
1026,电影,康斯坦丁,//pic0.iqiyipic.com/common/20171106/ac/1b/vip_100000_v_601_0_21.png,//www.iqiyi.com/v_19rraob7wc.html
1027,电影,古窑迷踪,//pic0.iqiyipic.com/common/20171106/ac/1b/vip_100000_v_601_0_21.png,//www.iqiyi.com/v_19rsi42798.html
1028,电影,杀人蝙蝠,//pic0.iqiyipic.com/common/20171106/ac/1b/vip_100000_v_601_0_21.png,//www.iqiyi.com/v_19rrn2vrt4.html
1029,电影,只有芸知道,//pic0.iqiyipic.com/common/20171106/ac/1b/vip_100000_v_601_0_21.png,//www.iqiyi.com/v_19rtw9mlq8.html
1030,电影,银河补习班,//pic0.iqiyipic.com/common/20171106/ac/1b/vip_100000_v_601_0_21.png,//www.iqiyi.com/v_19rsff5pds.html
1031,电影,大侦探皮卡丘（普通话）,//pic0.iqiyipic.com/common/20171106/ac/1b/vip_100000_v_601_0_21.png,//www.iqiyi.com/v_19ru32q53o.html
1032,电影,谁的青春不迷茫,//pic0.iqiyipic.com/common/20171106/ac/1b/vip_100000_v_601_0_21.png,//www.iqiyi.com/v_19rrluw714.html
1033,电影,恐龙王,,//www.iqiyi.com/v_19rqzttm6c.html
1034,电影,白鹿原,//pic0.iqiyipic.com/common/20171106/ac/1b/vip_100000_v_601_0_21.png,//www.iqiyi.com/v_19rrjs6ct8.html
1035,电影,爱情公寓,//pic0.iqiyipic.com/common/20171106/ac/1b/vip_100000_v_601_0_21.png,//www.iqiyi.com/v_19rrdeqs18.html
1036,电影,红高粱,//pic0.iqiyipic.com/common/20171106/ac/1b/vip_100000_v_601_0_21.png,//www.iqiyi.com/v_19rrj5ahi0.html
1037,电影,血洗红花亭,//pic0.iqiyipic.com/common/20171106/ac/1b/vip_100000_v_601_0_21.png,//www.iqiyi.com/v_19rr7qpx68.html
1038,电影,伸冤人,//pic0.iqiyipic.com/common/20171106/ac/1b/vip_100000_v_601_0_21.png,//www.iqiyi.com/v_19rrnrea7k.html
1039,电影,小妇人,//pic0.iqiyipic.com/common/20171106/ac/1b/vip_100000_v_601_0_21.png,//www.iqiyi.com/v_19rrlsdla8.html
1040,电影,老师·好,//pic0.iqiyipic.com/common/20171106/ac/1b/vip_100000_v_601_0_21.png,//www.iqiyi.com/v_19rr3q7kkc.html
1041,电影,巨鳄风暴,//pic0.iqiyipic.com/common/20171106/ac/1b/vip_100000_v_601_0_21.png,//www.iqiyi.com/v_19rsgrnrys.html
1042,电影,天才少女,//www.iqiyipic.com/common/fix/site-v4/video-mark/only.png,//www.iqiyi.com/v_19rrazxgp8.html
1043,电影,毒战,//pic0.iqiyipic.com/common/20171106/ac/1b/vip_100000_v_601_0_21.png,//www.iqiyi.com/v_19rrg43ha8.html
1044,电影,鬼打鬼之黄金道士,//pic0.iqiyipic.com/common/20171106/ac/1b/vip_100000_v_601_0_21.png,//www.iqiyi.com/v_19rrho3m9c.html
1045,电影,攀登者,//pic0.iqiyipic.com/common/20171106/ac/1b/vip_100000_v_601_0_21.png,//www.iqiyi.com/v_19rqvchyok.html
1046,电影,一出好戏,//pic0.iqiyipic.com/common/20171106/ac/1b/vip_100000_v_601_0_21.png,//www.iqiyi.com/v_19rrc17tj8.html
1047,电影,跛豪,,//www.iqiyi.com/v_19rrho6648.html
1048,电影,横财局中局,//pic0.iqiyipic.com/common/20171106/ac/1b/vip_100000_v_601_0_21.png,//www.iqiyi.com/v_19rv0e4mjo.html
1049,电影,僵尸叔叔,,//www.iqiyi.com/v_19rr7r4x20.html
1050,电影,狄仁杰之鬼影血手,//www.iqiyipic.com/common/fix/site-v4/video-mark/only.png,//www.iqiyi.com/v_19rwiw32f0.html
1051,电影,诡府神宫,//www.iqiyipic.com/common/fix/site-v4/video-mark/only.png,//www.iqiyi.com/v_19rv4r36zo.html
1052,电影,犬杀,//pic0.iqiyipic.com/common/20171106/ac/1b/vip_100000_v_601_0_21.png,//www.iqiyi.com/v_19rrny8v88.html
1053,电影,2012,//pic0.iqiyipic.com/common/20171106/ac/1b/vip_100000_v_601_0_21.png,//www.iqiyi.com/v_19rrifwtlx.html
1054,电影,九品芝麻官,,//www.iqiyi.com/v_19rrj5oif0.html
1055,电影,赌侠,,//www.iqiyi.com/v_19rrj5trb4.html
1056,电影,马戏小子,,//www.iqiyi.com/v_19rrj66cq4.html
1057,电影,白蛇：缘起,//pic0.iqiyipic.com/common/20171106/ac/1b/vip_100000_v_601_0_21.png,//www.iqiyi.com/v_19rr575vxk.html
1058,电影,史前巨鳄2,//pic0.iqiyipic.com/common/20171106/ac/1b/vip_100000_v_601_0_21.png,//www.iqiyi.com/v_19rrmmvtgo.html
1059,电影,金蝉脱壳3：恶魔车站（普通话）,//www.iqiyipic.com/common/fix/site-v4/video-mark/only.png,//www.iqiyi.com/v_19rsebkotk.html
1060,电影,新僵尸先生2,//www.iqiyipic.com/common/fix/site-v4/video-mark/only.png,//www.iqiyi.com/v_19rrf6eqrk.html
1061,电影,金刚,//pic0.iqiyipic.com/common/20171106/ac/1b/vip_100000_v_601_0_21.png,//www.iqiyi.com/v_19rrhypkq8.html
1062,电影,流浪地球,//pic0.iqiyipic.com/common/20171106/ac/1b/vip_100000_v_601_0_21.png,//www.iqiyi.com/v_19rrfe142o.html
1063,电影,惊天魔盗团2,//www.iqiyipic.com/common/fix/site-v4/video-mark/only.png,//www.iqiyi.com/v_19rrmepy6o.html
1064,电影,受益人,//pic0.iqiyipic.com/common/20171106/ac/1b/vip_100000_v_601_0_21.png,//www.iqiyi.com/v_19rtzkr7ug.html
1065,电影,被光抓走的人,//pic0.iqiyipic.com/common/20171106/ac/1b/vip_100000_v_601_0_21.png,//www.iqiyi.com/v_19rvh2ahsw.html
1066,电影,唐人街探案2,//pic0.iqiyipic.com/common/20171106/ac/1b/vip_100000_v_601_0_21.png,//www.iqiyi.com/v_19rr839kro.html
1067,电影,黑鹰,//pic0.iqiyipic.com/common/20171106/ac/1b/vip_100000_v_601_0_21.png,//www.iqiyi.com/v_19rr7qlwqw.html
1068,电影,钢铁侠3,//pic0.iqiyipic.com/common/20171106/ac/1b/vip_100000_v_601_0_21.png,//www.iqiyi.com/v_19rrfwl0dk.html
1069,电影,功夫联盟,//www.iqiyipic.com/common/fix/site-v4/video-mark/only.png,//www.iqiyi.com/v_19rr8u7qco.html
1070,电影,年兽,//www.iqiyipic.com/common/fix/site-v4/video-mark/only.png,//www.iqiyi.com/v_19rw9l7y3g.html
1071,电影,蝙蝠侠：黑暗骑士,//pic0.iqiyipic.com/common/20171106/ac/1b/vip_100000_v_601_0_21.png,//www.iqiyi.com/v_19rra6zong.html
1072,电影,灵幻先生,,//www.iqiyi.com/v_19rr66y02g.html
1073,电影,战狼2,//pic0.iqiyipic.com/common/20171106/ac/1b/vip_100000_v_601_0_21.png,//www.iqiyi.com/v_19rre19on4.html
1074,电影,疯狂动物城（普通话）,//pic0.iqiyipic.com/common/20171106/ac/1b/vip_100000_v_601_0_21.png,//www.iqiyi.com/v_19rrluwf4o.html
1075,电影,最美的时候遇见你,,//www.iqiyi.com/v_19rr7q2rjo.html
1076,电影,闪光少女,//www.iqiyipic.com/common/fix/site-v4/video-mark/only.png,//www.iqiyi.com/v_19rr7plaa8.html
1077,电影,珍珠港,//pic0.iqiyipic.com/common/20171106/ac/1b/vip_100000_v_601_0_21.png,//www.iqiyi.com/v_19rrjcel6s.html
1078,电影,倾城宠妃,//www.iqiyipic.com/common/fix/site-v4/video-mark/only.png,//www.iqiyi.com/v_19rqzq6968.html
1079,电影,食人虫,//pic0.iqiyipic.com/common/20171106/ac/1b/vip_100000_v_601_0_21.png,//www.iqiyi.com/v_19rrnau0y0.html
1080,电影,叶问3,,//www.iqiyi.com/v_19rr74wclg.html
1081,电影,超时空同居,//pic0.iqiyipic.com/common/20171106/ac/1b/vip_100000_v_601_0_21.png,//www.iqiyi.com/v_19rrcd03uk.html
1082,电影,千与千寻,//www.iqiyipic.com/common/fix/site-v4/video-mark/only.png,//www.iqiyi.com/v_19rsmpr66o.html
1083,电影,龙门飞甲,,//www.iqiyi.com/v_19rrk0sfi8.html
1084,电影,我不是药神,//pic0.iqiyipic.com/common/20171106/ac/1b/vip_100000_v_601_0_21.png,//www.iqiyi.com/v_19rreozmq8.html
1085,电影,肖申克的救赎,//pic0.iqiyipic.com/common/20171106/ac/1b/vip_100000_v_601_0_21.png,//www.iqiyi.com/v_19rra0h3wg.html
1086,电影,神秘仙境,//pic0.iqiyipic.com/common/20171106/ac/1b/vip_100000_v_601_0_21.png,//www.iqiyi.com/v_19rrn5rwz0.html
1087,电影,小小的愿望,,//www.iqiyi.com/v_19rsgefqf8.html
1088,电影,空中监狱,//pic0.iqiyipic.com/common/20171106/ac/1b/vip_100000_v_601_0_21.png,//www.iqiyi.com/v_19rrjbauxc.html
1089,电影,唐人街探案,,//www.iqiyi.com/v_19rrl9vhkw.html
1090,电影,我是传奇,//pic0.iqiyipic.com/common/20171106/ac/1b/vip_100000_v_601_0_21.png,//www.iqiyi.com/v_19rra4leso.html
1091,电影,新少林寺,,//www.iqiyi.com/v_19rrjcey3w.html
1092,电影,妖狐苏妲己,//www.iqiyipic.com/common/fix/site-v4/video-mark/only.png,//www.iqiyi.com/v_19rr2t9624.html
1093,电影,后天,//pic0.iqiyipic.com/common/20171106/ac/1b/vip_100000_v_601_0_21.png,//www.iqiyi.com/v_19rrk0zjvw.html
1094,电影,济公之神龙再现,//www.iqiyipic.com/common/fix/site-v4/video-mark/self.png,//www.iqiyi.com/v_19rr24dq6c.html
1095,电影,越囧,//pic0.iqiyipic.com/common/20171106/ac/1b/vip_100000_v_601_0_21.png,//www.iqiyi.com/v_19rr7p7znw.html
1096,电影,龙拳小子,,//www.iqiyi.com/v_19rr9k5h1s.html
1097,电影,夏洛特烦恼,,//www.iqiyi.com/v_19rrkbqj9o.html
1098,电影,我和我的祖国,//pic0.iqiyipic.com/common/20171106/ac/1b/vip_100000_v_601_0_21.png,//www.iqiyi.com/v_19rsho8w7c.html
1099,电影,一线声机,//pic0.iqiyipic.com/common/20171106/ac/1b/vip_100000_v_601_0_21.png,//www.iqiyi.com/v_19rra63pzw.html
1100,电影,妖猫传,,//www.iqiyi.com/v_19rr7p5ujk.html
1101,电影,脱单告急,//www.iqiyipic.com/common/fix/site-v4/video-mark/only.png,//www.iqiyi.com/v_19rrbwy4ow.html
1102,电影,狂龙伏妖,//www.iqiyipic.com/common/fix/site-v4/video-mark/only.png,//www.iqiyi.com/v_19rqy8y3hw.html
1103,电影,云南虫谷,//pic0.iqiyipic.com/common/20171106/ac/1b/vip_100000_v_601_0_21.png,//www.iqiyi.com/v_19rr7p22e0.html
1104,电影,侏罗纪公园3,//pic0.iqiyipic.com/common/20171106/ac/1b/vip_100000_v_601_0_21.png,//www.iqiyi.com/v_19rrhysnf4.html
1105,电影,野姑娘,//pic0.iqiyipic.com/common/20171106/ac/1b/vip_100000_v_601_0_21.png,//www.iqiyi.com/v_19rr7q1pfs.html
1106,电影,金牌女仵作之阴阳法尺,//www.iqiyipic.com/common/fix/site-v4/video-mark/only.png,//www.iqiyi.com/v_19rsgyxxzc.html
1107,电影,唐伯虎点秋香,,//www.iqiyi.com/v_19rrlunup8.html
1108,电影,无名之辈,//pic0.iqiyipic.com/common/20171106/ac/1b/vip_100000_v_601_0_21.png,//www.iqiyi.com/v_19rqzsstl4.html
1109,电影,小鬼当街,//pic0.iqiyipic.com/common/20171106/ac/1b/vip_100000_v_601_0_21.png,//www.iqiyi.com/v_19rrjyyfss.html
1110,电影,复仇者联盟3：无限战争,//pic0.iqiyipic.com/common/20171106/ac/1b/vip_100000_v_601_0_21.png,//www.iqiyi.com/v_19rr7q1fyc.html
1111,电影,吸血鬼猎人林肯,//pic0.iqiyipic.com/common/20171106/ac/1b/vip_100000_v_601_0_21.png,//www.iqiyi.com/v_19rrho93sg.html
1112,电影,人在囧途,//pic0.iqiyipic.com/common/20171106/ac/1b/vip_100000_v_601_0_21.png,//www.iqiyi.com/v_19rrjefgfs.html
1113,电影,猩球崛起3：终极之战,//www.iqiyipic.com/common/fix/site-v4/video-mark/only.png,//www.iqiyi.com/v_19rr7pggvo.html
1114,电影,X特遣队,//pic0.iqiyipic.com/common/20171106/ac/1b/vip_100000_v_601_0_21.png,//www.iqiyi.com/v_19rrfbyz0k.html
1115,电影,惊涛飓浪,//www.iqiyipic.com/common/fix/site-v4/video-mark/only.png,//www.iqiyi.com/v_19rrd26h74.html
1116,电影,泰坦尼克号,//pic0.iqiyipic.com/common/20171106/ac/1b/vip_100000_v_601_0_21.png,//www.iqiyi.com/v_19rrny4w8w.html
1117,电影,冰雪奇缘（普通话）,//pic0.iqiyipic.com/common/20171106/ac/1b/vip_100000_v_601_0_21.png,//www.iqiyi.com/v_19rrlhpgbg.html
1118,电影,隧道,//www.iqiyipic.com/common/fix/site-v4/video-mark/only.png,//www.iqiyi.com/v_19rr962jz4.html
1119,电影,霍家拳之精武英雄,//www.iqiyipic.com/common/fix/site-v4/video-mark/only.png,//www.iqiyi.com/v_19ruqyvefo.html
1120,电影,僵尸家族,,//www.iqiyi.com/v_19rrjaxg58.html
1121,电影,友情岁月2之只手遮天,//www.iqiyipic.com/common/fix/site-v4/video-mark/only.png,//www.iqiyi.com/v_19rrb86rww.html
1122,电影,绿皮书,//pic0.iqiyipic.com/common/20171106/ac/1b/vip_100000_v_601_0_21.png,//www.iqiyi.com/v_19rr5eoxww.html
1123,电影,人再囧途之泰囧,//pic0.iqiyipic.com/common/20171106/ac/1b/vip_100000_v_601_0_21.png,//www.iqiyi.com/v_19rrjwwhik.html
1124,电影,鲨卷风6,//www.iqiyipic.com/common/fix/site-v4/video-mark/only.png,//www.iqiyi.com/v_19rqzumia0.html
1125,电影,斗墓占花魁,//www.iqiyipic.com/common/fix/site-v4/video-mark/only.png,//www.iqiyi.com/v_19rqy2q8tc.html
1126,电影,海云台,//pic0.iqiyipic.com/common/20171106/ac/1b/vip_100000_v_601_0_21.png,//www.iqiyi.com/v_19rrjbby4c.html
1127,电影,三生三世十里桃花,,//www.iqiyi.com/v_19rr7q22o4.html
1128,电影,猩球崛起,//pic0.iqiyipic.com/common/20171106/ac/1b/vip_100000_v_601_0_21.png,//www.iqiyi.com/v_19rrifktby.html
1129,电影,摩天营救,//pic0.iqiyipic.com/common/20171106/ac/1b/vip_100000_v_601_0_21.png,//www.iqiyi.com/v_19rrfawxu0.html
1130,电影,金星小姐,//pic0.iqiyipic.com/common/20171106/ac/1b/vip_100000_v_601_0_21.png,//www.iqiyi.com/v_19rrgygumk.html
1131,电影,时间规划局,//pic0.iqiyipic.com/common/20171106/ac/1b/vip_100000_v_601_0_21.png,//www.iqiyi.com/v_19rrn8wsr0.html
1132,电影,情圣,//pic0.iqiyipic.com/common/20171106/ac/1b/vip_100000_v_601_0_21.png,//www.iqiyi.com/v_19rr9tql50.html
1133,电影,无人驾驶（2000）,//pic0.iqiyipic.com/common/20171106/ac/1b/vip_100000_v_601_0_21.png,//www.iqiyi.com/v_19rrbrzq7k.html
1134,电影,功夫,//pic0.iqiyipic.com/common/20171106/ac/1b/vip_100000_v_601_0_21.png,//www.iqiyi.com/v_19rrk40ajc.html
1135,电影,肥龙过江,//pic2.iqiyipic.com/common/20171106/bc/1b/vip_100002_v_601_0_21.png,//www.iqiyi.com/v_19rrccxdwc.html
1136,电影,我来自北京之扶兄弟一把,//www.iqiyipic.com/common/fix/site-v4/video-mark/only.png,//www.iqiyi.com/v_19rwcvcrf8.html
1137,电影,绿区,//pic0.iqiyipic.com/common/20171106/ac/1b/vip_100000_v_601_0_21.png,//www.iqiyi.com/v_19rr7hrhrc.html
1138,电影,美人鱼,,//www.iqiyi.com/v_19rrlq5w00.html
1139,电影,叶问,//pic0.iqiyipic.com/common/20171106/ac/1b/vip_100000_v_601_0_21.png,//www.iqiyi.com/v_19rrj6sgbs.html
1140,电影,陷害,//pic0.iqiyipic.com/common/20171106/ac/1b/vip_100000_v_601_0_21.png,//www.iqiyi.com/v_19rrn9b0pw.html
1141,电影,妖狐传,//www.iqiyipic.com/common/fix/site-v4/video-mark/only.png,//www.iqiyi.com/v_19rr0wl4ig.html
1142,电影,极道校园,//www.iqiyipic.com/common/fix/site-v4/video-mark/only.png,//www.iqiyi.com/v_19rrm7q6d8.html
1143,电影,秘密菜园,//pic0.iqiyipic.com/common/20171106/ac/1b/vip_100000_v_601_0_21.png,//www.iqiyi.com/v_19rt6wuteg.html
1144,电影,空天猎,,//www.iqiyi.com/v_19rr7plbvk.html
1145,电影,吴妻盘儿花,,//www.iqiyi.com/v_19rrn384lk.html
1146,电影,金山匪帮,,//www.iqiyi.com/v_19rre40ifc.html
1147,电影,五个寂寞的心,,//www.iqiyi.com/v_19rrk45ly0.html
1148,电影,澳门风云2,,//www.iqiyi.com/v_19rro2q4mg.html
1149,电影,捉妖记2,,//www.iqiyi.com/v_19rr7pge9c.html
1150,电影,终结者3：机器的觉醒,//pic0.iqiyipic.com/common/20171106/ac/1b/vip_100000_v_601_0_21.png,//www.iqiyi.com/v_19rrk33gm0.html
1151,电影,烟雨红颜,,//www.iqiyi.com/v_19rscb2tsk.html
1152,电影,封口之谜,,//www.iqiyi.com/v_19rsdtju6g.html
1153,电影,小芳的故事,//pic0.iqiyipic.com/common/20171106/ac/1b/vip_100000_v_601_0_21.png,//www.iqiyi.com/v_19rrny7s0w.html
1154,电影,沉睡魔咒2,//pic2.iqiyipic.com/common/20171106/bc/1b/vip_100002_v_601_0_21.png,//www.iqiyi.com/v_19rqv5njn0.html
1155,电影,爱再来一次,//pic0.iqiyipic.com/common/20171106/ac/1b/vip_100000_v_601_0_21.png,//www.iqiyi.com/v_19rvf7plw0.html
1156,电影,叶问2：宗师传奇,//pic0.iqiyipic.com/common/20171106/ac/1b/vip_100000_v_601_0_21.png,//www.iqiyi.com/v_19rrj5kq94.html
1157,电影,虎山行,//pic0.iqiyipic.com/common/20171106/ac/1b/vip_100000_v_601_0_21.png,//www.iqiyi.com/v_19rr7pa3dw.html
1158,电影,风月,//pic0.iqiyipic.com/common/20171106/ac/1b/vip_100000_v_601_0_21.png,//www.iqiyi.com/v_19rrmy86uo.html
1159,电影,双重重击,,//www.iqiyi.com/v_19rrhvy46o.html
1160,电影,祖宗十九代,//pic0.iqiyipic.com/common/20171106/ac/1b/vip_100000_v_601_0_21.png,//www.iqiyi.com/v_19rreglczg.html
1161,电影,音乐僵尸,//www.iqiyipic.com/common/fix/site-v4/video-mark/only.png,//www.iqiyi.com/v_19rrhobgjg.html
1162,电影,冰雪奇缘,//pic0.iqiyipic.com/common/20171106/ac/1b/vip_100000_v_601_0_21.png,//www.iqiyi.com/v_19rro5rids.html
1163,电影,红灯记,//pic0.iqiyipic.com/common/20171106/ac/1b/vip_100000_v_601_0_21.png,//www.iqiyi.com/v_19rrk1gwqw.html
1164,电影,叶问4：完结篇（粤语）,//pic2.iqiyipic.com/common/20171106/bc/1b/vip_100002_v_601_0_21.png,//www.iqiyi.com/v_19rw208to0.html
1165,电影,半醉人间,//www.iqiyipic.com/common/fix/site-v4/video-mark/only.png,//www.iqiyi.com/v_19rrk3mq9c.html
1166,电影,动物特工局,//www.iqiyipic.com/common/fix/site-v4/video-mark/only.png,//www.iqiyi.com/v_19rwahe0fw.html
1167,电影,梅花森林,//pic0.iqiyipic.com/common/20171106/ac/1b/vip_100000_v_601_0_21.png,//www.iqiyi.com/v_19rrdddzyw.html
1168,电影,一件幸福的事（原声）,//pic0.iqiyipic.com/common/20171106/ac/1b/vip_100000_v_601_0_21.png,//www.iqiyi.com/v_19rrn3b920.html
1169,电影,一生有你2019,//pic0.iqiyipic.com/common/20171106/ac/1b/vip_100000_v_601_0_21.png,//www.iqiyi.com/v_19rrfbv8p4.html
1170,电影,聊斋志异三集,//pic0.iqiyipic.com/common/20171106/ac/1b/vip_100000_v_601_0_21.png,//www.iqiyi.com/v_19rr7pa5x4.html
1171,电影,鲨海,,//www.iqiyi.com/v_19rr7p4848.html
1172,电影,金蝉脱壳3：恶魔车站,//www.iqiyipic.com/common/fix/site-v4/video-mark/only.png,//www.iqiyi.com/v_19rt3q8008.html
1173,电影,寻梦环游记,//pic0.iqiyipic.com/common/20171106/ac/1b/vip_100000_v_601_0_21.png,//www.iqiyi.com/v_19rr8cycvc.html
1174,电影,独身女人,,//www.iqiyi.com/v_19rr7kw8ec.html
1175,电影,黑妞,//pic0.iqiyipic.com/common/20171106/ac/1b/vip_100000_v_601_0_21.png,//www.iqiyi.com/v_19rr7pm3i4.html
1176,电影,五个寂寞的心（粤语）,,//www.iqiyi.com/v_19rrk45lt4.html
1177,电影,黑猫2（粤语）,,//www.iqiyi.com/v_19rrjpk6y4.html
1178,电影,天棚,//pic0.iqiyipic.com/common/20171106/ac/1b/vip_100000_v_601_0_21.png,//www.iqiyi.com/v_19rrhuq5s8.html
1179,电影,爱我别走,,//www.iqiyi.com/v_19rrj5kcek.html
1180,电影,五毒,//pic0.iqiyipic.com/common/20171106/ac/1b/vip_100000_v_601_0_21.png,//www.iqiyi.com/v_19rrmx80zg.html
1181,电影,樱,,//www.iqiyi.com/v_19rr7q0f7s.html
1182,电影,闯江湖,,//www.iqiyi.com/v_19rr7qh3i8.html
1183,电影,夺命屋,,//www.iqiyi.com/v_19rrjxv68s.html
1184,电影,甲壳虫,,//www.iqiyi.com/v_19rrhkuz0g.html
1185,电影,伤心的解药,,//www.iqiyi.com/v_19rslwfi8w.html
1186,电影,偶像,//pic0.iqiyipic.com/common/20171106/ac/1b/vip_100000_v_601_0_21.png,//www.iqiyi.com/v_19rrjbj4r8.html
1187,电影,不安全地带（粤语）,,//www.iqiyi.com/v_19rrifq7no.html
1188,电影,所见非实,//www.iqiyipic.com/common/fix/site-v4/video-mark/only.png,//www.iqiyi.com/v_19rr8zxxv0.html
1189,电影,机甲神七,//www.iqiyipic.com/common/fix/site-v4/video-mark/only.png,//www.iqiyi.com/v_19rr23yyus.html
1190,电影,新婚第一夜,//pic0.iqiyipic.com/common/20171106/ac/1b/vip_100000_v_601_0_21.png,//www.iqiyi.com/v_19rr7poc2k.html
1191,电影,情人石,//pic0.iqiyipic.com/common/20171106/ac/1b/vip_100000_v_601_0_21.png,//www.iqiyi.com/v_19rr7quvd0.html
1192,电影,闪耀的花火,//pic0.iqiyipic.com/common/20171106/ac/1b/vip_100000_v_601_0_21.png,//www.iqiyi.com/v_19rrjxywlo.html
1193,电影,青春冲动,//pic0.iqiyipic.com/common/20171106/ac/1b/vip_100000_v_601_0_21.png,//www.iqiyi.com/v_19rr8cxmik.html
1194,电影,小刀会,//pic0.iqiyipic.com/common/20171106/ac/1b/vip_100000_v_601_0_21.png,//www.iqiyi.com/v_19rr7qgrro.html
1195,电影,蒙面大侠,//pic0.iqiyipic.com/common/20171106/ac/1b/vip_100000_v_601_0_21.png,//www.iqiyi.com/v_19rr7qmla4.html
1196,电影,火山情血,//pic0.iqiyipic.com/common/20171106/ac/1b/vip_100000_v_601_0_21.png,//www.iqiyi.com/v_19rrejidj0.html
1197,电影,五杀,//www.iqiyipic.com/common/fix/site-v4/video-mark/only.png,//www.iqiyi.com/v_19rqyyvmto.html
1198,电影,海底世界3D,//www.iqiyipic.com/common/fix/site-v4/video-mark/only.png,//www.iqiyi.com/v_19rrift7r8.html
1199,电影,太极门,//pic0.iqiyipic.com/common/20171106/ac/1b/vip_100000_v_601_0_21.png,//www.iqiyi.com/v_19rr7pvalw.html
1200,电影,一枝光棍走天涯,//pic0.iqiyipic.com/common/20171106/ac/1b/vip_100000_v_601_0_21.png,//www.iqiyi.com/v_19rrc2hw8s.html
1201,电影,以为是老大之金三角风云,//www.iqiyipic.com/common/fix/site-v4/video-mark/only.png,//www.iqiyi.com/v_19rqyd3vog.html
1202,电影,红辣椒,//pic0.iqiyipic.com/common/20171106/ac/1b/vip_100000_v_601_0_21.png,//www.iqiyi.com/v_19rr7qqjjc.html
1203,电影,澳门风云2,,//www.iqiyi.com/v_19rro2q4mg.html
1204,电影,游击队的姑娘,//pic0.iqiyipic.com/common/20171106/ac/1b/vip_100000_v_601_0_21.png,//www.iqiyi.com/v_19rutm0ovg.html
1205,电影,歌唱动荡的青春,//pic0.iqiyipic.com/common/20171106/ac/1b/vip_100000_v_601_0_21.png,//www.iqiyi.com/v_19rsff2gc0.html
1206,电影,150小时,//pic0.iqiyipic.com/common/20171106/ac/1b/vip_100000_v_601_0_21.png,//www.iqiyi.com/v_19runn5rbs.html
1207,电影,死后的关怀（原声）,//pic0.iqiyipic.com/common/20171106/ac/1b/vip_100000_v_601_0_21.png,//www.iqiyi.com/v_19rrnydjsg.html
1208,电影,速度与激情：特别行动,//pic2.iqiyipic.com/common/20171106/bc/1b/vip_100002_v_601_0_21.png,//www.iqiyi.com/v_19rqxus75g.html
1209,电影,武松（1963）,,//www.iqiyi.com/v_19rrkq6fw8.html
1210,电影,布局（粤语）,//www.iqiyipic.com/common/fix/site-v4/video-mark/only.png,//www.iqiyi.com/v_19rr26zgmw.html
1211,电影,棒打薄情郎,,//www.iqiyi.com/v_19rr7q9yuc.html
1212,电影,女同学男同学,,//www.iqiyi.com/v_19rr7ep1wg.html
1213,电影,庭院深深,//pic0.iqiyipic.com/common/20171106/ac/1b/vip_100000_v_601_0_21.png,//www.iqiyi.com/v_19rrnyccfo.html
1214,电影,第一剑,//pic0.iqiyipic.com/common/20171106/ac/1b/vip_100000_v_601_0_21.png,//www.iqiyi.com/v_19rr7qe680.html
1215,电影,原谅他77次,,//www.iqiyi.com/v_19rr7pk67o.html
1216,电影,光,,//www.iqiyi.com/v_19rr7pir64.html
1217,电影,墨西哥情书,,//www.iqiyi.com/v_19rrhw2cxg.html
1218,电影,儒侠,//pic0.iqiyipic.com/common/20171106/ac/1b/vip_100000_v_601_0_21.png,//www.iqiyi.com/v_19rrmxj31o.html
1219,电影,红色沙漠,,//www.iqiyi.com/v_19rrifuuy7.html
1220,电影,万古流芳,,//www.iqiyi.com/v_19rr9s2j9o.html
1221,电影,玉观音,,//www.iqiyi.com/v_19rrho6ctw.html
1222,电影,春天（1977）,//pic0.iqiyipic.com/common/20171106/ac/1b/vip_100000_v_601_0_21.png,//www.iqiyi.com/v_19rr8enys4.html
1223,电影,祖宗十九代,//pic0.iqiyipic.com/common/20171106/ac/1b/vip_100000_v_601_0_21.png,//www.iqiyi.com/v_19rreglczg.html
1224,电影,龙虎沟,//pic0.iqiyipic.com/common/20171106/ac/1b/vip_100000_v_601_0_21.png,//www.iqiyi.com/v_19rr8bl94c.html
1225,电影,小伙伴,,//www.iqiyi.com/v_19rrn74dbk.html
1226,电影,一生有你2019,//pic0.iqiyipic.com/common/20171106/ac/1b/vip_100000_v_601_0_21.png,//www.iqiyi.com/v_19rrfbv8p4.html
1227,电影,金蝉脱壳3：恶魔车站,//www.iqiyipic.com/common/fix/site-v4/video-mark/only.png,//www.iqiyi.com/v_19rt3q8008.html
1228,电影,七仙女,//pic0.iqiyipic.com/common/20171106/ac/1b/vip_100000_v_601_0_21.png,//www.iqiyi.com/v_19rr7qm2aw.html
1229,电影,复仇者联盟4：终局之战,//pic2.iqiyipic.com/common/20171106/bc/1b/vip_100002_v_601_0_21.png,//www.iqiyi.com/v_19rr7q1fy0.html
1230,电影,因为我爱你,//pic0.iqiyipic.com/common/20171106/ac/1b/vip_100000_v_601_0_21.png,//www.iqiyi.com/v_19rrd0pgrc.html
1231,电影,QQ女人心,,//www.iqiyi.com/v_19rtkwhbu0.html
1232,电影,越域重生（普通话）,//www.iqiyipic.com/common/fix/site-v4/video-mark/only.png,//www.iqiyi.com/v_19rut1ph9k.html
1233,电影,聊斋志异,//pic0.iqiyipic.com/common/20171106/ac/1b/vip_100000_v_601_0_21.png,//www.iqiyi.com/v_19rrmx65xs.html
1234,电影,美国青少年,//pic0.iqiyipic.com/common/20171106/ac/1b/vip_100000_v_601_0_21.png,//www.iqiyi.com/v_19rrmx7b70.html
1235,电影,寻梦环游记,//pic0.iqiyipic.com/common/20171106/ac/1b/vip_100000_v_601_0_21.png,//www.iqiyi.com/v_19rr8cycvc.html
1236,电影,盲魇,,//www.iqiyi.com/v_19rqsxg800.html
1237,电影,鸳鸯帕,//pic0.iqiyipic.com/common/20171106/ac/1b/vip_100000_v_601_0_21.png,//www.iqiyi.com/v_19rr7pk82w.html
1238,电影,卡车司机之歌,//pic0.iqiyipic.com/common/20171106/ac/1b/vip_100000_v_601_0_21.png,//www.iqiyi.com/v_19rrny4cvg.html
1239,电影,海上焰火,//pic0.iqiyipic.com/common/20171106/ac/1b/vip_100000_v_601_0_21.png,//www.iqiyi.com/v_19rra54o3g.html
1240,电影,女明星秘史,,//www.iqiyi.com/v_19rr7p1a28.html
1241,电影,侠盗鲁平,//pic0.iqiyipic.com/common/20171106/ac/1b/vip_100000_v_601_0_21.png,//www.iqiyi.com/v_19rrnyc890.html
1242,电影,迷幻牛郎,,//www.iqiyi.com/v_19rrk226hs.html
1243,电影,小武士,//pic0.iqiyipic.com/common/20171106/ac/1b/vip_100000_v_601_0_21.png,//www.iqiyi.com/v_19rr7qcoiw.html
1244,电影,城迷,,//www.iqiyi.com/v_19rqrt5gg8.html
1245,电影,上门女婿的战争,//www.iqiyipic.com/common/fix/site-v4/video-mark/only.png,//www.iqiyi.com/v_19rr6vgknc.html
1246,电影,玉罗刹,//pic0.iqiyipic.com/common/20171106/ac/1b/vip_100000_v_601_0_21.png,//www.iqiyi.com/v_19rrmydgg8.html
1247,电影,五虎断魂枪,//pic0.iqiyipic.com/common/20171106/ac/1b/vip_100000_v_601_0_21.png,//www.iqiyi.com/v_19rv2f8q2c.html
1248,电影,玉罗刹,//pic0.iqiyipic.com/common/20171106/ac/1b/vip_100000_v_601_0_21.png,//www.iqiyi.com/v_19rrmydgg8.html
1249,电影,五虎断魂枪,//pic0.iqiyipic.com/common/20171106/ac/1b/vip_100000_v_601_0_21.png,//www.iqiyi.com/v_19rv2f8q2c.html
1250,电影,小鱼,,//www.iqiyi.com/v_19rrhkejoc.html
1251,电影,爱情牧场,//pic0.iqiyipic.com/common/20171106/ac/1b/vip_100000_v_601_0_21.png,//www.iqiyi.com/v_19rrn99y5w.html
1252,电影,天狼寨,//pic0.iqiyipic.com/common/20171106/ac/1b/vip_100000_v_601_0_21.png,//www.iqiyi.com/v_19rr7qew0g.html
1253,电影,重返前线,//pic0.iqiyipic.com/common/20171106/ac/1b/vip_100000_v_601_0_21.png,//www.iqiyi.com/v_19rutf3wsw.html
1254,电影,盗马贼（独家修复版）,//www.iqiyipic.com/common/fix/site-v4/video-mark/only.png,//www.iqiyi.com/v_19ruty07gk.html
1255,电影,渡江探险,,//www.iqiyi.com/v_19rrn6r0mc.html
1256,电影,和平保卫者,,//www.iqiyi.com/v_19rrn6mc1c.html
1257,电影,济公斗蟋蟀,//pic0.iqiyipic.com/common/20171106/ac/1b/vip_100000_v_601_0_21.png,//www.iqiyi.com/v_19rtsyp6kw.html
1258,电影,智取农场,,//www.iqiyi.com/v_19rrn7an9c.html
1259,电影,出笼马骝（粤语）,,//www.iqiyi.com/v_19rsby31mk.html
1260,电影,流血的拳击手,,//www.iqiyi.com/v_19rqvcx5d0.html
1261,电影,陵水谣,,//www.iqiyi.com/v_19rtjtae8s.html
1262,电影,最后时刻,//pic0.iqiyipic.com/common/20171106/ac/1b/vip_100000_v_601_0_21.png,//www.iqiyi.com/v_19rrmx74sg.html
1263,电影,对空射击组,//pic0.iqiyipic.com/common/20171106/ac/1b/vip_100000_v_601_0_21.png,//www.iqiyi.com/v_19rr7qgafk.html
1264,电影,谁是被抛弃的人,,//www.iqiyi.com/v_19rrkq3r6w.html
1265,电影,罗密欧与朱丽叶之后现代激情篇,//pic0.iqiyipic.com/common/20171106/ac/1b/vip_100000_v_601_0_21.png,//www.iqiyi.com/v_19rrk1ujqc.html
1266,电影,传国密诏,//pic0.iqiyipic.com/common/20171106/ac/1b/vip_100000_v_601_0_21.png,//www.iqiyi.com/v_19rrny8x7s.html
1267,电影,影子敌人,//www.iqiyipic.com/common/fix/site-v4/video-mark/only.png,//www.iqiyi.com/v_19rr2i02s8.html
1268,电影,婆婆比妈亲,,//www.iqiyi.com/v_19rr0zunek.html
1269,电影,释放印度战俘,//pic0.iqiyipic.com/common/20171106/ac/1b/vip_100000_v_601_0_21.png,//www.iqiyi.com/v_19rwforw7s.html
1270,电影,恋爱编织梦,//pic0.iqiyipic.com/common/20171106/ac/1b/vip_100000_v_601_0_21.png,//www.iqiyi.com/v_19rraliq18.html
1271,电影,朋友（1974）,//pic0.iqiyipic.com/common/20171106/ac/1b/vip_100000_v_601_0_21.png,//www.iqiyi.com/v_19rs103jek.html
1272,电影,不能走那条路,,//www.iqiyi.com/v_19rrkq61ug.html
1273,电影,决斗恶虎岭,//pic0.iqiyipic.com/common/20171106/ac/1b/vip_100000_v_601_0_21.png,//www.iqiyi.com/v_19rv418mxw.html
1274,电影,底片上的女人,//www.iqiyipic.com/common/fix/site-v4/video-mark/only.png,//www.iqiyi.com/v_19rrc062as.html
1275,电影,大侠复仇记,//pic0.iqiyipic.com/common/20171106/ac/1b/vip_100000_v_601_0_21.png,//www.iqiyi.com/v_19rr7qlewc.html
1276,电影,大护法,//pic0.iqiyipic.com/common/20171106/ac/1b/vip_100000_v_601_0_21.png,//www.iqiyi.com/v_19rr8mt9nw.html
1277,电影,野玫瑰之恋,//pic0.iqiyipic.com/common/20171106/ac/1b/vip_100000_v_601_0_21.png,//www.iqiyi.com/v_19rv3lsn4w.html
1278,电影,九克拉战栗,//pic0.iqiyipic.com/common/20171106/ac/1b/vip_100000_v_601_0_21.png,//www.iqiyi.com/v_19rrbvazfs.html
1279,电影,同命鸳鸯,//pic0.iqiyipic.com/common/20171106/ac/1b/vip_100000_v_601_0_21.png,//www.iqiyi.com/v_19rrehgmbs.html
1280,电影,怕老婆,,//www.iqiyi.com/v_19rrn6u1k4.html
1281,电影,三笑（1964）,//pic0.iqiyipic.com/common/20171106/ac/1b/vip_100000_v_601_0_21.png,//www.iqiyi.com/v_19rr7pae74.html
1282,电影,赤峰号,,//www.iqiyi.com/v_19rrn6qsxw.html
1283,电影,我的100分男友,//www.iqiyipic.com/common/fix/site-v4/video-mark/only.png,//www.iqiyi.com/v_19rw4m4tnk.html
1284,电影,蔡李佛小子,//pic0.iqiyipic.com/common/20171106/ac/1b/vip_100000_v_601_0_21.png,//www.iqiyi.com/v_19rrmx72lk.html
1285,电影,山顶上的钟声（粤语）,//pic0.iqiyipic.com/common/20171106/ac/1b/vip_100000_v_601_0_21.png,//www.iqiyi.com/v_19rrbzqpx8.html
1286,电影,外伤,,//www.iqiyi.com/v_19rr7qcmfo.html
1287,电影,今生缘未了,,//www.iqiyi.com/v_19rrjurzf0.html
1289,电影,爱人再生,//www.iqiyipic.com/common/fix/site-v4/video-mark/only.png,//www.iqiyi.com/v_19rrbedkrk.html
1290,电影,印第安追逐记（原声）,//pic0.iqiyipic.com/common/20171106/ac/1b/vip_100000_v_601_0_21.png,//www.iqiyi.com/v_19rrnt94yc.html
1291,电影,离恨歌,//www.iqiyipic.com/common/fix/site-v4/video-mark/only.png,//www.iqiyi.com/v_19rqs2wmv0.html
1292,电影,江湖奇侠,//pic0.iqiyipic.com/common/20171106/ac/1b/vip_100000_v_601_0_21.png,//www.iqiyi.com/v_19rr7r8pmc.html
1293,电影,抢劫暴徒,,//www.iqiyi.com/v_19rrn4kpeg.html
1294,电影,打猎记,//pic0.iqiyipic.com/common/20171106/ac/1b/vip_100000_v_601_0_21.png,//www.iqiyi.com/v_19rttbajlc.html
1295,电影,血滴子（1969）,//pic0.iqiyipic.com/common/20171106/ac/1b/vip_100000_v_601_0_21.png,//www.iqiyi.com/v_19rv3oalcw.html
1296,电影,超人总动员2（普通话）,//pic0.iqiyipic.com/common/20171106/ac/1b/vip_100000_v_601_0_21.png,//www.iqiyi.com/v_19rr2z5v9g.html
1297,电影,遭遇陌生人,//pic0.iqiyipic.com/common/20171106/ac/1b/vip_100000_v_601_0_21.png,//www.iqiyi.com/v_19rrnx3u7c.html
1298,电影,武林圣火令（粤语）,,//www.iqiyi.com/v_19rsbww44w.html
1299,电影,乘风,//www.iqiyipic.com/common/fix/site-v4/video-mark/only.png,//www.iqiyi.com/v_19rrpe5vuo.html
1300,电影,白鸽,//pic0.iqiyipic.com/common/20171106/ac/1b/vip_100000_v_601_0_21.png,//www.iqiyi.com/v_19rr8entns.html
1301,电影,法国间谍,//pic0.iqiyipic.com/common/20171106/ac/1b/vip_100000_v_601_0_21.png,//www.iqiyi.com/v_19rr7pz6es.html
1302,电影,情探,//pic0.iqiyipic.com/common/20171106/ac/1b/vip_100000_v_601_0_21.png,//www.iqiyi.com/v_19rr7pzlhw.html
1303,电影,刺马,//pic0.iqiyipic.com/common/20171106/ac/1b/vip_100000_v_601_0_21.png,//www.iqiyi.com/v_19rr7r7gnc.html
1304,电影,水乡的春天,,//www.iqiyi.com/v_19rrkpxv8g.html
1305,电影,情人结,//pic0.iqiyipic.com/common/20171106/ac/1b/vip_100000_v_601_0_21.png,//www.iqiyi.com/v_19rr7rc8os.html
1306,电影,多彩的晨光,,//www.iqiyi.com/v_19rrny8e4k.html
1307,电影,国王卫士,,//www.iqiyi.com/v_19rrn8cdyk.html
1308,电影,红珊瑚,,//www.iqiyi.com/v_19rrn6rvcw.html
1309,电影,聊斋志异续集,//pic0.iqiyipic.com/common/20171106/ac/1b/vip_100000_v_601_0_21.png,//www.iqiyi.com/v_19rwh3tj58.html
1310,电影,祝贺——毛泽东访问苏联,//pic0.iqiyipic.com/common/20171106/ac/1b/vip_100000_v_601_0_21.png,//www.iqiyi.com/v_19rwft40fw.html
1311,电影,还我河山,//pic0.iqiyipic.com/common/20171106/ac/1b/vip_100000_v_601_0_21.png,//www.iqiyi.com/v_19rre44pkg.html
1312,电影,上海姑娘,,//www.iqiyi.com/v_19rrn6rssc.html
1313,电影,大梦难忘,//pic0.iqiyipic.com/common/20171106/ac/1b/vip_100000_v_601_0_21.png,//www.iqiyi.com/v_19rv62svy0.html
1314,电影,神奇动物：格林德沃之罪,//pic0.iqiyipic.com/common/20171106/ac/1b/vip_100000_v_601_0_21.png,//www.iqiyi.com/v_19rr7p5sag.html
1315,电影,春梦了无痕（1968）,//pic0.iqiyipic.com/common/20171106/ac/1b/vip_100000_v_601_0_21.png,//www.iqiyi.com/v_19rv1ig7n8.html
1316,电影,拉郎配,//pic0.iqiyipic.com/common/20171106/ac/1b/vip_100000_v_601_0_21.png,//www.iqiyi.com/v_19rr7p6ecw.html
1317,电影,宋景诗,,//www.iqiyi.com/v_19rrn701ow.html
1318,电影,奥菲莉娅,//pic0.iqiyipic.com/common/20171106/ac/1b/vip_100000_v_601_0_21.png,//www.iqiyi.com/v_19rrc147f8.html
1319,电影,附属美丽,//pic0.iqiyipic.com/common/20171106/ac/1b/vip_100000_v_601_0_21.png,//www.iqiyi.com/v_19rr7pjs4o.html
1320,电影,芍药花开,//www.iqiyipic.com/common/fix/site-v4/video-mark/only.png,//www.iqiyi.com/v_19rs7jr8lk.html
1321,电影,秦香莲,//pic0.iqiyipic.com/common/20171106/ac/1b/vip_100000_v_601_0_21.png,//www.iqiyi.com/v_19rre3rcew.html
1322,电影,杀手世界杯,//www.iqiyipic.com/common/fix/site-v4/video-mark/only.png,//www.iqiyi.com/v_19rr0zcxn8.html
1323,电影,鸳鸯剑侠,//pic0.iqiyipic.com/common/20171106/ac/1b/vip_100000_v_601_0_21.png,//www.iqiyi.com/v_19rr8bw1bg.html
1324,电影,将爱情进行到底,//pic0.iqiyipic.com/common/20171106/ac/1b/vip_100000_v_601_0_21.png,//www.iqiyi.com/v_19rrjbebj8.html
1325,电影,木兰从军,,//www.iqiyi.com/v_19rrmy9z1g.html
1326,电影,中华女儿,//pic0.iqiyipic.com/common/20171106/ac/1b/vip_100000_v_601_0_21.png,//www.iqiyi.com/v_19rrmy5yxc.html
1327,电影,插翅虎,//pic0.iqiyipic.com/common/20171106/ac/1b/vip_100000_v_601_0_21.png,//www.iqiyi.com/v_19rrmybv1k.html
1328,电影,黑旋风,//pic0.iqiyipic.com/common/20171106/ac/1b/vip_100000_v_601_0_21.png,//www.iqiyi.com/v_19ruphrk60.html
1329,电影,人欢马叫,//pic0.iqiyipic.com/common/20171106/ac/1b/vip_100000_v_601_0_21.png,//www.iqiyi.com/v_19rrn61lvc.html
1330,电影,如此爹娘,//pic0.iqiyipic.com/common/20171106/ac/1b/vip_100000_v_601_0_21.png,//www.iqiyi.com/v_19rr7qkbps.html
1331,电影,滑动门,//pic0.iqiyipic.com/common/20171106/ac/1b/vip_100000_v_601_0_21.png,//www.iqiyi.com/v_19rrj5tm4c.html
1332,电影,呼啸山庄,//pic0.iqiyipic.com/common/20171106/ac/1b/vip_100000_v_601_0_21.png,//www.iqiyi.com/v_19rrho8b4o.html
1333,电影,海道电影,,//www.iqiyi.com/v_19rr95davg.html
1334,电影,连环套,//pic0.iqiyipic.com/common/20171106/ac/1b/vip_100000_v_601_0_21.png,//www.iqiyi.com/v_19rrn6oac4.html
1335,电影,王媛媛,//www.iqiyipic.com/common/fix/site-v4/video-mark/only.png,//www.iqiyi.com/v_19rski3cfw.html
1336,电影,白蛇传 1939版,//pic0.iqiyipic.com/common/20171106/ac/1b/vip_100000_v_601_0_21.png,//www.iqiyi.com/v_19rr7p3f8s.html
1337,电影,黄土地,//pic0.iqiyipic.com/common/20171106/ac/1b/vip_100000_v_601_0_21.png,//www.iqiyi.com/v_19rr7q9wgc.html
1338,电影,王宝钏（下集）平贵回窑,//pic0.iqiyipic.com/common/20171106/ac/1b/vip_100000_v_601_0_21.png,//www.iqiyi.com/v_19rv3ocut4.html
1339,电影,牧童投军,,//www.iqiyi.com/v_19rr7ri3n4.html
1340,电影,红霞,,//www.iqiyi.com/v_19rrn6ql2w.html
1341,电影,金钱之爱,,//www.iqiyi.com/v_19rrn20tfk.html
1342,电影,柳毅传书,//pic0.iqiyipic.com/common/20171106/ac/1b/vip_100000_v_601_0_21.png,//www.iqiyi.com/v_19rrn6m8b4.html
1343,电影,骗假不留,//www.iqiyipic.com/common/fix/site-v4/video-mark/only.png,//www.iqiyi.com/v_19rre3wc40.html
1344,电影,山歌姻缘,//pic0.iqiyipic.com/common/20171106/ac/1b/vip_100000_v_601_0_21.png,//www.iqiyi.com/v_19rr7qjy7c.html
1345,电影,山歌姻缘,//pic0.iqiyipic.com/common/20171106/ac/1b/vip_100000_v_601_0_21.png,//www.iqiyi.com/v_19rr7qjy7c.html
1346,电影,金枝玉叶（1964）,//pic0.iqiyipic.com/common/20171106/ac/1b/vip_100000_v_601_0_21.png,//www.iqiyi.com/v_19rr7pfl4w.html
1348,电影,西域情怀,//pic0.iqiyipic.com/common/20171106/ac/1b/vip_100000_v_601_0_21.png,//www.iqiyi.com/v_19rrn2i1qg.html
1349,电影,葡萄熟了的时候,,//www.iqiyi.com/v_19rrn6tv98.html
1350,电影,乔老爷上轿,//pic2.iqiyipic.com/common/20171106/bc/1b/vip_100002_v_601_0_21.png,//www.iqiyi.com/v_19rrm8t3hk.html
1351,电影,山歌恋,//pic0.iqiyipic.com/common/20171106/ac/1b/vip_100000_v_601_0_21.png,//www.iqiyi.com/v_19rr7pyt60.html
1352,电影,貂蝉,//pic0.iqiyipic.com/common/20171106/ac/1b/vip_100000_v_601_0_21.png,//www.iqiyi.com/v_19rr7pzbh0.html
1353,电影,燎原,,//www.iqiyi.com/v_19rrn6rkgg.html
1354,电影,好事多磨,//pic0.iqiyipic.com/common/20171106/ac/1b/vip_100000_v_601_0_21.png,//www.iqiyi.com/v_19rrnz77zo.html
1355,电影,寇准背靴,//pic0.iqiyipic.com/common/20171106/ac/1b/vip_100000_v_601_0_21.png,//www.iqiyi.com/v_19rr7qbg1c.html
1356,电影,三毛流浪记（1958）,//pic0.iqiyipic.com/common/20171106/ac/1b/vip_100000_v_601_0_21.png,//www.iqiyi.com/v_19ruewc108.html
1357,电影,早安公主,//pic0.iqiyipic.com/common/20171106/ac/1b/vip_100000_v_601_0_21.png,//www.iqiyi.com/v_19rrddm39w.html
1358,电影,天官赐福（粤语）,,//www.iqiyi.com/v_19rr7rhjh8.html
1359,电影,艳遇（1965）,//pic0.iqiyipic.com/common/20171106/ac/1b/vip_100000_v_601_0_21.png,//www.iqiyi.com/v_19rv48k558.html
1360,电影,花开荼蘼,//www.iqiyipic.com/common/fix/site-v4/video-mark/only.png,//www.iqiyi.com/v_19ruy3d0us.html
1361,电影,再爱的机会,//www.iqiyipic.com/common/fix/site-v4/video-mark/only.png,//www.iqiyi.com/v_19rr4l3vk4.html
1362,电影,1000小时的夜晚,//pic0.iqiyipic.com/common/20171106/ac/1b/vip_100000_v_601_0_21.png,//www.iqiyi.com/v_19rrf7uuak.html
1363,电影,换种方式,,//www.iqiyi.com/v_19rrlme8o0.html
1364,电影,少年李白：花月离,//www.iqiyipic.com/common/fix/site-v4/video-mark/only.png,//www.iqiyi.com/v_19rw3tdpww.html
1365,电影,姐妹情深,,//www.iqiyi.com/v_19rrhob8w8.html
1366,电影,公主裙,//pic0.iqiyipic.com/common/20171106/ac/1b/vip_100000_v_601_0_21.png,//www.iqiyi.com/v_19rvgjeph8.html
1367,电影,禁烟枪手,,//www.iqiyi.com/v_19rrny8n90.html
1368,电影,沙家店粮站,//pic0.iqiyipic.com/common/20171106/ac/1b/vip_100000_v_601_0_21.png,//www.iqiyi.com/v_19rrnybz9w.html
1369,电影,小姑贤（评剧）,//pic0.iqiyipic.com/common/20171106/ac/1b/vip_100000_v_601_0_21.png,//www.iqiyi.com/v_19rro2o82o.html
1370,电影,红崖村的孩子们,//www.iqiyipic.com/common/fix/site-v4/video-mark/only.png,//www.iqiyi.com/v_19rv3xvmwk.html
1371,电影,草原风暴,//pic0.iqiyipic.com/common/20171106/ac/1b/vip_100000_v_601_0_21.png,//www.iqiyi.com/v_19rrn5w3ck.html
1372,电影,海啸与樱花,,//www.iqiyi.com/v_19rrn4kkyg.html
1373,电影,美食家,//pic0.iqiyipic.com/common/20171106/ac/1b/vip_100000_v_601_0_21.png,//www.iqiyi.com/v_19rrny90ag.html
1374,电影,七十二家房客（粤语）,//pic0.iqiyipic.com/common/20171106/ac/1b/vip_100000_v_601_0_21.png,//www.iqiyi.com/v_19rvjoja90.html
1375,电影,圆月弯刀（粤语）,//pic0.iqiyipic.com/common/20171106/ac/1b/vip_100000_v_601_0_21.png,//www.iqiyi.com/v_19rr7qcn0c.html
1376,电影,蓝莓之夜,//pic0.iqiyipic.com/common/20171106/ac/1b/vip_100000_v_601_0_21.png,//www.iqiyi.com/v_19rr7q28zw.html
1377,电影,广东十虎与后五虎（粤语）,,//www.iqiyi.com/v_19rsbxnk4w.html
1378,电影,西施（1965）,//pic0.iqiyipic.com/common/20171106/ac/1b/vip_100000_v_601_0_21.png,//www.iqiyi.com/v_19rwhsmado.html
1379,电影,乌鸦与麻雀,,//www.iqiyi.com/v_19rrh619bo.html
1380,电影,桃花扇（独家修复版）,//www.iqiyipic.com/common/fix/site-v4/video-mark/only.png,//www.iqiyi.com/v_19ruv0gvsk.html
1381,电影,中二少女,//www.iqiyipic.com/common/fix/site-v4/video-mark/only.png,//www.iqiyi.com/v_19rr1kw9vg.html
1382,电影,刺客冷血,//www.iqiyipic.com/common/fix/site-v4/video-mark/only.png,//www.iqiyi.com/v_19rr8r41rc.html
1383,电影,疯狂的公寓,//www.iqiyipic.com/common/fix/site-v4/video-mark/only.png,//www.iqiyi.com/v_19rqzcs07k.html
1384,电影,绽放青春,,//www.iqiyi.com/v_19rt4hmh6o.html
1385,电影,指尖世界,//pic0.iqiyipic.com/common/20171106/ac/1b/vip_100000_v_601_0_21.png,//www.iqiyi.com/v_19ruuh23mc.html
1386,电影,大荒电影馆,,//www.iqiyi.com/v_19rrcfjz4o.html
1387,电影,请爱黎娜,,//www.iqiyi.com/v_19rquccwzg.html
1388,电影,沉睡的美人,//pic0.iqiyipic.com/common/20171106/ac/1b/vip_100000_v_601_0_21.png,//www.iqiyi.com/v_19rrn31k6w.html
1389,电影,五郎八卦棍（粤语）,,//www.iqiyi.com/v_19rsbz1z0s.html
1390,电影,小放牛,,//www.iqiyi.com/v_19rr8idq00.html
1391,电影,悲惨世界（1998）,//pic0.iqiyipic.com/common/20171106/ac/1b/vip_100000_v_601_0_21.png,//www.iqiyi.com/v_19rrk22ei8.html
1392,电影,空城计,,//www.iqiyi.com/v_19rr8dcu80.html
1393,电影,星际迷航：暗黑无界（普通话）,//pic0.iqiyipic.com/common/20171106/ac/1b/vip_100000_v_601_0_21.png,//www.iqiyi.com/v_19rraab34w.html
1394,电影,金刚狼,//pic0.iqiyipic.com/common/20171106/ac/1b/vip_100000_v_601_0_21.png,//www.iqiyi.com/v_19rrhtzuu0.html
1395,电影,穆桂英大战洪州,//pic0.iqiyipic.com/common/20171106/ac/1b/vip_100000_v_601_0_21.png,//www.iqiyi.com/v_19rrkpy3lw.html
1396,电影,第一次的亲密接触,//pic0.iqiyipic.com/common/20171106/ac/1b/vip_100000_v_601_0_21.png,//www.iqiyi.com/v_19rrmy6dfg.html
1397,电影,幸福不是顺从,//pic0.iqiyipic.com/common/20171106/ac/1b/vip_100000_v_601_0_21.png,//www.iqiyi.com/v_19rrn2kois.html
1398,电影,金玉良缘红楼梦,//www.iqiyipic.com/common/fix/site-v4/video-mark/only.png,//www.iqiyi.com/v_19rrj693uk.html
1399,电影,辕门斩子,,//www.iqiyi.com/v_19rr7kt96s.html
1400,电影,女理发师,,//www.iqiyi.com/v_19rrn6mpoo.html
1401,电影,王老五,,//www.iqiyi.com/v_19rrlu4u0g.html
1402,电影,提心吊胆,,//www.iqiyi.com/v_19rrnycf48.html
1403,电影,告密者,//pic0.iqiyipic.com/common/20171106/ac/1b/vip_100000_v_601_0_21.png,//www.iqiyi.com/v_19rra05s3g.html
1404,电影,表错七日情,//pic0.iqiyipic.com/common/20171106/ac/1b/vip_100000_v_601_0_21.png,//www.iqiyi.com/v_19rrj52oz0.html
1405,电影,方世玉与洪熙官,//pic0.iqiyipic.com/common/20171106/ac/1b/vip_100000_v_601_0_21.png,//www.iqiyi.com/v_19rrmybki8.html
1406,电影,教头,//pic0.iqiyipic.com/common/20171106/ac/1b/vip_100000_v_601_0_21.png,//www.iqiyi.com/v_19rrmx58kw.html
1407,电影,人性,//pic0.iqiyipic.com/common/20171106/ac/1b/vip_100000_v_601_0_21.png,//www.iqiyi.com/v_19rrkggb9w.html
1409,电影,爱奇艺爱电影,//www.iqiyipic.com/common/fix/site-v4/video-mark/self.png,//www.iqiyi.com/v_19rvoqu87c.html
1410,电影,美国X档案,//pic0.iqiyipic.com/common/20171106/ac/1b/vip_100000_v_601_0_21.png,//www.iqiyi.com/v_19rrmy31go.html
1411,电影,人生第二春,//pic0.iqiyipic.com/common/20171106/ac/1b/vip_100000_v_601_0_21.png,//www.iqiyi.com/v_19rqybbhxs.html
1412,电影,龙虎少爷（粤语）,,//www.iqiyi.com/v_19rrxnipek.html
1413,电影,海员七号（1973）,,//www.iqiyi.com/v_19rrk4quls.html
1414,电影,我好好活着,//pic0.iqiyipic.com/common/20171106/ac/1b/vip_100000_v_601_0_21.png,//www.iqiyi.com/v_19rrn2g2vw.html
1415,电影,杨乃武与小白菜,//pic0.iqiyipic.com/common/20171106/ac/1b/vip_100000_v_601_0_21.png,//www.iqiyi.com/v_19rrn6lafk.html
1416,电影,少年卫斯理之圣女转生,//pic0.iqiyipic.com/common/20171106/ac/1b/vip_100000_v_601_0_21.png,//www.iqiyi.com/v_19rrdi0d58.html
1417,电影,电影人生,//pic0.iqiyipic.com/common/20171106/ac/1b/vip_100000_v_601_0_21.png,//www.iqiyi.com/v_19rr7qn47o.html
1418,电影,珊瑚岛上的死光,//pic0.iqiyipic.com/common/20171106/ac/1b/vip_100000_v_601_0_21.png,//www.iqiyi.com/v_19rrny51lk.html
1419,电影,花神咖啡馆,,//www.iqiyi.com/v_19rrh3t3h4.html
1420,电影,本案没有结束,,//www.iqiyi.com/v_19rrny8qj4.html
1421,电影,冷战,//www.iqiyipic.com/common/fix/site-v4/video-mark/only.png,//www.iqiyi.com/v_19rrcuninw.html
1422,电影,老婆婆的枣树,//pic0.iqiyipic.com/common/20171106/ac/1b/vip_100000_v_601_0_21.png,//www.iqiyi.com/v_19rr7rboi0.html
1423,电影,灵异实录,,//www.iqiyi.com/v_19rrh0i5sc.html
1424,电影,猪八戒吃西瓜,//pic0.iqiyipic.com/common/20171106/ac/1b/vip_100000_v_601_0_21.png,//www.iqiyi.com/v_19rtszobm4.html
1425,电影,暹罗厨房,,//www.iqiyi.com/v_19rr07cwrk.html
1426,电影,心火（德国）,//pic0.iqiyipic.com/common/20171106/ac/1b/vip_100000_v_601_0_21.png,//www.iqiyi.com/v_19rrnw42ow.html
1427,电影,少年卫斯理之圣女转生（粤语）,//pic0.iqiyipic.com/common/20171106/ac/1b/vip_100000_v_601_0_21.png,//www.iqiyi.com/v_19rrdi0g40.html
1428,电影,亚洲秘密警察,//pic0.iqiyipic.com/common/20171106/ac/1b/vip_100000_v_601_0_21.png,//www.iqiyi.com/v_19rr7qrkwg.html
1429,电影,麻辣追杀令,//pic0.iqiyipic.com/common/20171106/ac/1b/vip_100000_v_601_0_21.png,//www.iqiyi.com/v_19rr7ait9k.html
1430,电影,看不见的女人,//pic0.iqiyipic.com/common/20171106/ac/1b/vip_100000_v_601_0_21.png,//www.iqiyi.com/v_19rrhnhmtc.html
1431,电影,神笔马良（1955）,//pic0.iqiyipic.com/common/20171106/ac/1b/vip_100000_v_601_0_21.png,//www.iqiyi.com/v_19rtszes4g.html
1432,电影,西厢记,//pic0.iqiyipic.com/common/20171106/ac/1b/vip_100000_v_601_0_21.png,//www.iqiyi.com/v_19rrmy6094.html
1433,电影,魔术师的奇遇,,//www.iqiyi.com/v_19rro4pn68.html
1434,电影,小鲤鱼跳龙门,//pic0.iqiyipic.com/common/20171106/ac/1b/vip_100000_v_601_0_21.png,//www.iqiyi.com/v_19rttdgvb8.html
1435,电影,春闺怨,//pic0.iqiyipic.com/common/20171106/ac/1b/vip_100000_v_601_0_21.png,//www.iqiyi.com/v_19rrnyrhig.html
1436,电影,黎明之前,,//www.iqiyi.com/v_19rsg6mqao.html
1437,电影,一日余生,//www.iqiyipic.com/common/fix/site-v4/video-mark/only.png,//www.iqiyi.com/v_19rwhu064s.html
1438,电影,九条命（2005）,,//www.iqiyi.com/v_19rrn3rly4.html
1439,电影,麦田守望的女孩,,//www.iqiyi.com/v_19rr7qn5l4.html
1440,电影,柏林1936,//pic0.iqiyipic.com/common/20171106/ac/1b/vip_100000_v_601_0_21.png,//www.iqiyi.com/v_19rrny2hh0.html
1441,电影,济公之神龙再现（粤语）,//www.iqiyipic.com/common/fix/site-v4/video-mark/self.png,//www.iqiyi.com/v_19rqyar7ho.html
1442,电影,爱情侦探,//www.iqiyipic.com/common/fix/site-v4/video-mark/only.png,//www.iqiyi.com/v_19rrmwtce0.html
1443,电影,爱情侦探,//www.iqiyipic.com/common/fix/site-v4/video-mark/only.png,//www.iqiyi.com/v_19rrmwtce0.html
1444,电影,神勇双妹唛（粤语）,,//www.iqiyi.com/v_19rrjd5xok.html
1445,电影,花木兰（1964）,//pic0.iqiyipic.com/common/20171106/ac/1b/vip_100000_v_601_0_21.png,//www.iqiyi.com/v_19rrj659dc.html
1446,电影,神秘兵团,//pic0.iqiyipic.com/common/20171106/ac/1b/vip_100000_v_601_0_21.png,//www.iqiyi.com/v_19rrhlqgis.html
1447,电影,千面魔女,//pic0.iqiyipic.com/common/20171106/ac/1b/vip_100000_v_601_0_21.png,//www.iqiyi.com/v_19rr7r7yog.html
1448,电影,萌犬奇缘,//pic0.iqiyipic.com/common/20171106/ac/1b/vip_100000_v_601_0_21.png,//www.iqiyi.com/v_19rvdnxkm0.html
1449,电影,绿光,//pic0.iqiyipic.com/common/20171106/ac/1b/vip_100000_v_601_0_21.png,//www.iqiyi.com/v_19rrfyyxu4.html
1450,电影,大放异彩,,//www.iqiyi.com/v_19rrmy8tmg.html
1451,电影,暴躁家族,//www.iqiyipic.com/common/fix/site-v4/video-mark/only.png,//www.iqiyi.com/v_19rroxruwk.html
1452,电影,买凶拍人,,//www.iqiyi.com/v_19rrj5zauc.html
1453,电影,刘明珠,//pic0.iqiyipic.com/common/20171106/ac/1b/vip_100000_v_601_0_21.png,//www.iqiyi.com/v_19rrkqelfc.html
1454,电影,几度夕阳红2,//pic0.iqiyipic.com/common/20171106/ac/1b/vip_100000_v_601_0_21.png,//www.iqiyi.com/v_19rr7p4b3g.html
1455,电影,松花江上,,//www.iqiyi.com/v_19rrn60ato.html
1456,电影,土地(1953),//pic0.iqiyipic.com/common/20171106/ac/1b/vip_100000_v_601_0_21.png,//www.iqiyi.com/v_19rro2o8wk.html
1457,电影,少年苏乞儿（粤语）,,//www.iqiyi.com/v_19rsbxe6qw.html
1458,电影,五毒（粤语）,//pic0.iqiyipic.com/common/20171106/ac/1b/vip_100000_v_601_0_21.png,//www.iqiyi.com/v_19rwajyv6k.html
1459,电影,第一夫人（普通话）,,//www.iqiyi.com/v_19rrc2hom8.html
1460,电影,柑橘与柠檬啊,//pic0.iqiyipic.com/common/20171106/ac/1b/vip_100000_v_601_0_21.png,//www.iqiyi.com/v_19rrhvmfek.html
1461,电影,李慧娘,//pic0.iqiyipic.com/common/20171106/ac/1b/vip_100000_v_601_0_21.png,//www.iqiyi.com/v_19rrnz7a9o.html
1462,电影,火速大行动,//pic0.iqiyipic.com/common/20171106/ac/1b/vip_100000_v_601_0_21.png,//www.iqiyi.com/v_19rrcdy5ts.html
1463,电影,三少爷的剑（粤语）,,//www.iqiyi.com/v_19rv85dspg.html
1464,电影,摩登仙履奇缘（粤语）,,//www.iqiyi.com/v_19rrmq2dik.html
1465,电影,孔雀公主（1963）,//pic0.iqiyipic.com/common/20171106/ac/1b/vip_100000_v_601_0_21.png,//www.iqiyi.com/v_19ru3tyswo.html
1466,电影,红楼梦,//pic0.iqiyipic.com/common/20171106/ac/1b/vip_100000_v_601_0_21.png,//www.iqiyi.com/v_19rrn80bac.html
1467,电影,保卫胜利果实,//pic0.iqiyipic.com/common/20171106/ac/1b/vip_100000_v_601_0_21.png,//www.iqiyi.com/v_19rrnyc6vk.html
1468,电影,长江一号,//pic0.iqiyipic.com/common/20171106/ac/1b/vip_100000_v_601_0_21.png,//www.iqiyi.com/v_19rrfo1qpw.html
1469,电影,五遁忍术,//pic0.iqiyipic.com/common/20171106/ac/1b/vip_100000_v_601_0_21.png,//www.iqiyi.com/v_19rrhoaagw.html
1470,电影,地上最强,//pic0.iqiyipic.com/common/20171106/ac/1b/vip_100000_v_601_0_21.png,//www.iqiyi.com/v_19rr7rb0nw.html
1471,电影,念念不忘,//www.iqiyipic.com/common/fix/site-v4/video-mark/only.png,//www.iqiyi.com/v_19rr7z4aco.html
1472,电影,南斗官三斗北少爷,//pic0.iqiyipic.com/common/20171106/ac/1b/vip_100000_v_601_0_21.png,//www.iqiyi.com/v_19rrmx7bpw.html
1473,电影,《一生有你2019》独家纪录片,//www.iqiyipic.com/common/fix/site-v4/video-mark/only.png,//www.iqiyi.com/v_19ruzsp85w.html
1474,电影,恩赐2020,//www.iqiyipic.com/common/fix/site-v4/video-mark/only.png,//www.iqiyi.com/v_19rwi9wx5c.html
1475,电影,人见人爱,//pic0.iqiyipic.com/common/20171106/ac/1b/vip_100000_v_601_0_21.png,//www.iqiyi.com/v_19rrn6euqw.html
1476,电影,探险迷局,//www.iqiyipic.com/common/fix/site-v4/video-mark/only.png,//www.iqiyi.com/v_19rshf6cdk.html
1477,电影,《诛仙Ⅰ》独家幕后大揭秘,//www.iqiyipic.com/common/fix/site-v4/video-mark/only.png,//www.iqiyi.com/v_19ru0cs178.html
1478,电影,无血无泪,,//www.iqiyi.com/v_19rrjce9do.html
1479,电影,我和爸爸,,//www.iqiyi.com/v_19rrmy95a0.html
1480,电影,黄河谣,//pic0.iqiyipic.com/common/20171106/ac/1b/vip_100000_v_601_0_21.png,//www.iqiyi.com/v_19rrj5kbx8.html
1481,电影,大地的女儿,,//www.iqiyi.com/v_19rr7pqbck.html
1482,电影,游龙戏凤（粤语）,//pic0.iqiyipic.com/common/20171106/ac/1b/vip_100000_v_601_0_21.png,//www.iqiyi.com/v_19rrmj8k58.html
1483,电影,玫瑰人生,,//www.iqiyi.com/v_19rrjd7hsk.html
1484,电影,电单车,//pic0.iqiyipic.com/common/20171106/ac/1b/vip_100000_v_601_0_21.png,//www.iqiyi.com/v_19rrmy9tb0.html
1485,电影,草原上的人们,,//www.iqiyi.com/v_19rrmy5za0.html
1486,电影,说好不分手,,//www.iqiyi.com/v_19rrj5w8es.html
1487,电影,天籁小镇,//pic0.iqiyipic.com/common/20171106/ac/1b/vip_100000_v_601_0_21.png,//www.iqiyi.com/v_19rwh4cbrk.html
1488,电影,优昙婆罗,//pic0.iqiyipic.com/common/20171106/ac/1b/vip_100000_v_601_0_21.png,//www.iqiyi.com/v_19rrn2fwrk.html
1489,电影,影子交易,//www.iqiyipic.com/common/fix/site-v4/video-mark/only.png,//www.iqiyi.com/v_19rr7q78h4.html
1490,电影,江山美人（1959）,//pic0.iqiyipic.com/common/20171106/ac/1b/vip_100000_v_601_0_21.png,//www.iqiyi.com/v_19rrj58r60.html
1491,电影,八千里路云和月,,//www.iqiyi.com/v_19rrn6svcw.html
1492,电影,胖子与男孩,//pic0.iqiyipic.com/common/20171106/ac/1b/vip_100000_v_601_0_21.png,//www.iqiyi.com/v_19rrhe6db8.html
1493,电影,999谁是凶手（粤语）,//www.iqiyipic.com/common/fix/site-v4/video-mark/only.png,//www.iqiyi.com/v_19rr7qrpm8.html
1494,电影,大雨将至,//www.iqiyipic.com/common/fix/site-v4/video-mark/only.png,//www.iqiyi.com/v_19rutbg868.html
1495,电影,世纪审判,//pic0.iqiyipic.com/common/20171106/ac/1b/vip_100000_v_601_0_21.png,//www.iqiyi.com/v_19rra5kuvw.html
1496,电影,自有后来人,//pic0.iqiyipic.com/common/20171106/ac/1b/vip_100000_v_601_0_21.png,//www.iqiyi.com/v_19rro2wnf0.html
1497,电影,青蛙王子（粤语）,,//www.iqiyi.com/v_19rsc11dzk.html
1498,电影,拳外重生,,//www.iqiyi.com/v_19rrjugijo.html
1499,电影,过往城事,//pic0.iqiyipic.com/common/20171106/ac/1b/vip_100000_v_601_0_21.png,//www.iqiyi.com/v_19ruwe5cys.html
1500,电影,一百样东西,//pic0.iqiyipic.com/common/20171106/ac/1b/vip_100000_v_601_0_21.png,//www.iqiyi.com/v_19rstd5s9o.html
1501,电影,洪拳小子,//pic0.iqiyipic.com/common/20171106/ac/1b/vip_100000_v_601_0_21.png,//www.iqiyi.com/v_19rrmy53gg.html
1502,电影,冲霄楼,//pic0.iqiyipic.com/common/20171106/ac/1b/vip_100000_v_601_0_21.png,//www.iqiyi.com/v_19rr7q1mqs.html
1503,电影,双生美莲达,//pic0.iqiyipic.com/common/20171106/ac/1b/vip_100000_v_601_0_21.png,//www.iqiyi.com/v_19rrmy97k8.html
1504,电影,捕疯捉影,,//www.iqiyi.com/v_19rtz5cm8w.html
1505,电影,雨月物语,,//www.iqiyi.com/v_19rrj5ykww.html
1506,电影,铁血战士（HDR）,//www.iqiyipic.com/common/fix/site-v4/video-mark/only.png,//www.iqiyi.com/v_19rt8bd9is.html
1507,电影,理查三世,,//www.iqiyi.com/v_19rr7ps474.html
1508,电影,火星追击,//www.iqiyipic.com/common/fix/site-v4/video-mark/only.png,//www.iqiyi.com/v_19rr3j95j4.html
1509,电影,七小福（粤语）,//pic0.iqiyipic.com/common/20171106/ac/1b/vip_100000_v_601_0_21.png,//www.iqiyi.com/v_19rwkceyjw.html
1510,电影,神探蒲松龄（粤语）,//pic0.iqiyipic.com/common/20171106/ac/1b/vip_100000_v_601_0_21.png,//www.iqiyi.com/v_19rqumost4.html
1511,电影,饮食男女2：好远又好近,,//www.iqiyi.com/v_19rr7qt88o.html
1512,电影,大决斗,//pic0.iqiyipic.com/common/20171106/ac/1b/vip_100000_v_601_0_21.png,//www.iqiyi.com/v_19rrj65h0o.html
1513,电影,大唐玄奘 外文版,,//www.iqiyi.com/v_19rqzcpuqg.html
1514,电影,瀛台泣血,//pic0.iqiyipic.com/common/20171106/ac/1b/vip_100000_v_601_0_21.png,//www.iqiyi.com/v_19rr7qa0rc.html
1515,电影,威士忌、探戈、狐步舞,//pic0.iqiyipic.com/common/20171106/ac/1b/vip_100000_v_601_0_21.png,//www.iqiyi.com/v_19rr7q77do.html
1516,电影,凯旋门,,//www.iqiyi.com/v_19rrlksgis.html
1517,电影,家族,,//www.iqiyi.com/v_19rrh962cw.html
1518,电影,天堂的孩子,,//www.iqiyi.com/v_19rrj6sjd4.html
1519,电影,致命追踪,//www.iqiyipic.com/common/fix/site-v4/video-mark/only.png,//www.iqiyi.com/v_19rqpmkwxo.html
1520,电影,八部半,,//www.iqiyi.com/v_19rrj6sld8.html
1521,电影,校园往事,//www.iqiyipic.com/common/fix/site-v4/video-mark/only.png,//www.iqiyi.com/v_19rsgg2h0g.html
1522,电影,爱在零纬度,//pic0.iqiyipic.com/common/20171106/ac/1b/vip_100000_v_601_0_21.png,//www.iqiyi.com/v_19rve0whnk.html
1523,电影,无处遁形,//pic0.iqiyipic.com/common/20171106/ac/1b/vip_100000_v_601_0_21.png,//www.iqiyi.com/v_19rv42wbmg.html
1524,电影,小象西纳,//pic0.iqiyipic.com/common/20171106/ac/1b/vip_100000_v_601_0_21.png,//www.iqiyi.com/v_19rrny8zu4.html
1525,电影,后生（1975）,//pic0.iqiyipic.com/common/20171106/ac/1b/vip_100000_v_601_0_21.png,//www.iqiyi.com/v_19rwdble7w.html
1526,电影,彼岸花（1958）,//pic0.iqiyipic.com/common/20171106/ac/1b/vip_100000_v_601_0_21.png,//www.iqiyi.com/v_19rrk2wgtk.html
1527,电影,爱情百态,//www.iqiyipic.com/common/fix/site-v4/video-mark/only.png,//www.iqiyi.com/v_19rr7ppqxs.html
1528,电影,唐人街功夫小子,//pic0.iqiyipic.com/common/20171106/ac/1b/vip_100000_v_601_0_21.png,//www.iqiyi.com/v_19rrmyc3ho.html
1529,电影,诀恋,//www.iqiyipic.com/common/fix/site-v4/video-mark/only.png,//www.iqiyi.com/v_19rqqmwidk.html
1530,电影,情海浪花,//pic0.iqiyipic.com/common/20171106/ac/1b/vip_100000_v_601_0_21.png,//www.iqiyi.com/v_19rrny7nl8.html
1531,电影,锁麟囊（1966）,//pic0.iqiyipic.com/common/20171106/ac/1b/vip_100000_v_601_0_21.png,//www.iqiyi.com/v_19rv4p3k2o.html
1532,电影,酷我随行,//pic0.iqiyipic.com/common/20171106/ac/1b/vip_100000_v_601_0_21.png,//www.iqiyi.com/v_19rrhvm92s.html
1533,电影,母性之光,//pic2.iqiyipic.com/common/20171106/bc/1b/vip_100002_v_601_0_21.png,//www.iqiyi.com/v_19rr1fan5s.html
1534,电影,真救世主传说—北斗神拳：托奇传,//www.iqiyipic.com/common/fix/site-v4/video-mark/only.png,//www.iqiyi.com/v_19rqycbao4.html
1535,电影,淘气烘面包,,//www.iqiyi.com/v_19rrk207dg.html
1536,电影,马,//pic0.iqiyipic.com/common/20171106/ac/1b/vip_100000_v_601_0_21.png,//www.iqiyi.com/v_19rro1w92g.html
1537,电影,绿野仙踪,//pic0.iqiyipic.com/common/20171106/ac/1b/vip_100000_v_601_0_21.png,//www.iqiyi.com/v_19rwef68jw.html
1538,电影,最后防卫,//pic0.iqiyipic.com/common/20171106/ac/1b/vip_100000_v_601_0_21.png,//www.iqiyi.com/v_19rrn2liz4.html
1539,电影,火并,//pic0.iqiyipic.com/common/20171106/ac/1b/vip_100000_v_601_0_21.png,//www.iqiyi.com/v_19rrmxfw58.html
1540,电影,加拿大实习记,//pic0.iqiyipic.com/common/20171106/ac/1b/vip_100000_v_601_0_21.png,//www.iqiyi.com/v_19rra5kmdk.html
1541,电影,朝圣之路,//pic0.iqiyipic.com/common/20171106/ac/1b/vip_100000_v_601_0_21.png,//www.iqiyi.com/v_19rr7rf5qo.html
1542,电影,同居损友春风破,,//www.iqiyi.com/v_19rrjevmgk.html
1543,电影,摩登公子,,//www.iqiyi.com/v_19rrk0yutk.html
1544,电影,喜剧之王（2000）,//pic0.iqiyipic.com/common/20171106/ac/1b/vip_100000_v_601_0_21.png,//www.iqiyi.com/v_19rrnu14oc.html
1545,电影,搜书院（粤剧）,,//www.iqiyi.com/v_19rrkq53k8.html
1546,电影,网者荣耀,//www.iqiyipic.com/common/fix/site-v4/video-mark/only.png,//www.iqiyi.com/v_19ruoxbpb0.html
1547,电影,环法之旅,,//www.iqiyi.com/v_19rrdmyc6w.html
1548,电影,盲舞,//pic0.iqiyipic.com/common/20171106/ac/1b/vip_100000_v_601_0_21.png,//www.iqiyi.com/v_19ruwc15mk.html
1549,电影,牧笛,,//www.iqiyi.com/v_19rrkq4p34.html
1550,电影,大力士麦当娜,,//www.iqiyi.com/v_19rrjeyjr0.html
1551,电影,送初恋回家,//www.iqiyipic.com/common/fix/site-v4/video-mark/only.png,//www.iqiyi.com/v_19rwiah788.html
1552,电影,早安总统,,//www.iqiyi.com/v_19rrjcbyo0.html
1553,电影,飞天舞,//pic0.iqiyipic.com/common/20171106/ac/1b/vip_100000_v_601_0_21.png,//www.iqiyi.com/v_19rrjes0cc.html
1554,电影,有风在唱歌,//pic0.iqiyipic.com/common/20171106/ac/1b/vip_100000_v_601_0_21.png,//www.iqiyi.com/v_19rwjhotvg.html
1555,电影,宝葫芦的秘密（1963）,//pic0.iqiyipic.com/common/20171106/ac/1b/vip_100000_v_601_0_21.png,//www.iqiyi.com/v_19rr7qi2r8.html
1556,电影,蝴蝶飞,,//www.iqiyi.com/v_19rrj5ua0w.html
1557,电影,陈三五娘,//pic0.iqiyipic.com/common/20171106/ac/1b/vip_100000_v_601_0_21.png,//www.iqiyi.com/v_19rr7q9u64.html
1558,电影,菊长带你见世面,,//www.iqiyi.com/v_19rvokiwfg.html
1559,电影,阿涅斯论瓦尔达,,//www.iqiyi.com/v_19rsix5hds.html
1560,电影,造雨人,//pic0.iqiyipic.com/common/20171106/ac/1b/vip_100000_v_601_0_21.png,//www.iqiyi.com/v_19rrg6ib7w.html
1561,电影,绿野仙踪（普通话）,//pic0.iqiyipic.com/common/20171106/ac/1b/vip_100000_v_601_0_21.png,//www.iqiyi.com/v_19rwec4c5w.html
1562,电影,阿鹦爱说笑（原声）,//pic0.iqiyipic.com/common/20171106/ac/1b/vip_100000_v_601_0_21.png,//www.iqiyi.com/v_19rrnorto0.html
1563,电影,疑虑的商人,//pic0.iqiyipic.com/common/20171106/ac/1b/vip_100000_v_601_0_21.png,//www.iqiyi.com/v_19rroluxto.html
1564,电影,亲爱的伽利略,,//www.iqiyi.com/v_19rrmx12l0.html
1565,电影,一品电影,,//www.iqiyi.com/v_19rrcr1mc4.html
1566,电影,电影幕后故事,,//www.iqiyi.com/v_19rwinlvgo.html
1567,电影,电影有远见第二季,,//www.iqiyi.com/v_19rr5obe3s.html
1568,电影,我不是罪犯,//www.iqiyipic.com/common/fix/site-v4/video-mark/only.png,//www.iqiyi.com/v_19rwlsa09o.html
1569,电影,漂浮,,//www.iqiyi.com/v_19rrlzb4ns.html
1570,电影,胶片看电影,,//www.iqiyi.com/v_19rrcmf248.html
1571,电影,新罗月夜,,//www.iqiyi.com/v_19rrjex65k.html
1572,电影,《长安道》独家纪录片,//www.iqiyipic.com/common/fix/site-v4/video-mark/only.png,//www.iqiyi.com/v_19rv530uec.html
1573,电影,火山,//pic0.iqiyipic.com/common/20171106/ac/1b/vip_100000_v_601_0_21.png,//www.iqiyi.com/v_19rrbauays.html
1574,电影,铁狱魔难,//pic0.iqiyipic.com/common/20171106/ac/1b/vip_100000_v_601_0_21.png,//www.iqiyi.com/v_19rrn2vah0.html
1575,电影,背包影院,,//www.iqiyi.com/v_19rsb6iop0.html
1576,电影,橘子推片,,//www.iqiyi.com/v_19rwdfhjgg.html
1577,电影,北纬25°天空下,//pic0.iqiyipic.com/common/20171106/ac/1b/vip_100000_v_601_0_21.png,//www.iqiyi.com/v_19ruwbmyr0.html
1578,电影,一座城池,,//www.iqiyi.com/v_19rr7qagzg.html
1579,电影,貂蝉撩电影,,//www.iqiyi.com/v_19rrczjjwo.html
1580,电影,英雄（2014）,//pic0.iqiyipic.com/common/20171106/ac/1b/vip_100000_v_601_0_21.png,//www.iqiyi.com/v_19rr8gfcro.html
1581,电影,汪哥说电影,,//www.iqiyi.com/v_19rrc2f2x0.html
1582,电影,中国电影票房榜,//www.iqiyipic.com/common/fix/site-v4/video-mark/only.png,//www.iqiyi.com/v_19rwjy3ans.html
1583,电影,电影炸了,//www.iqiyipic.com/common/fix/site-v4/video-mark/only.png,//www.iqiyi.com/v_19rsiuri5s.html
1584,电影,地球之夜,//pic0.iqiyipic.com/common/20171106/ac/1b/vip_100000_v_601_0_21.png,//www.iqiyi.com/v_19rrmyapxw.html
1585,电影,全球满分电影,,//www.iqiyi.com/v_19rqzcnooc.html
1586,电影,惊天动地,//pic0.iqiyipic.com/common/20171106/ac/1b/vip_100000_v_601_0_21.png,//www.iqiyi.com/v_19rrk2m114.html
1587,电影,西游降魔篇,,//www.iqiyi.com/v_19rro9gb1c.html
1588,电影,小猪佩奇过大年,//pic0.iqiyipic.com/common/20171106/ac/1b/vip_100000_v_601_0_21.png,//www.iqiyi.com/v_19rqys8tag.html
1589,电影,沉睡魔咒,//pic0.iqiyipic.com/common/20171106/ac/1b/vip_100000_v_601_0_21.png,//www.iqiyi.com/v_19rroi2pgs.html
1590,电影,中途岛之战,//pic0.iqiyipic.com/common/20171106/ac/1b/vip_100000_v_601_0_21.png,//www.iqiyi.com/v_19rrhobb5s.html
1591,电影,X战警：黑凤凰,//www.iqiyipic.com/common/fix/site-v4/video-mark/only.png,//www.iqiyi.com/v_19rrdmmmg8.html
1592,电影,全球风暴（普通话）,//pic0.iqiyipic.com/common/20171106/ac/1b/vip_100000_v_601_0_21.png,//www.iqiyi.com/v_19rqvwnt7c.html
1593,电影,摩登年代,//pic0.iqiyipic.com/common/20171106/ac/1b/vip_100000_v_601_0_21.png,//www.iqiyi.com/v_19rrg2vsgc.html
1594,电影,狂蟒之灾4,//pic0.iqiyipic.com/common/20171106/ac/1b/vip_100000_v_601_0_21.png,//www.iqiyi.com/v_19rrhgpaqs.html
1595,电影,哥斯拉,//pic0.iqiyipic.com/common/20171106/ac/1b/vip_100000_v_601_0_21.png,//www.iqiyi.com/v_19rra2t08c.html
1596,电影,监狱风云2,//pic0.iqiyipic.com/common/20171106/ac/1b/vip_100000_v_601_0_21.png,//www.iqiyi.com/v_19rrjzylw8.html
1597,电影,烈火英雄,//pic0.iqiyipic.com/common/20171106/ac/1b/vip_100000_v_601_0_21.png,//www.iqiyi.com/v_19rsgtgwiw.html
1598,电影,倚天屠龙记之魔教教主,,//www.iqiyi.com/v_19rrj5rwww.html
1599,电影,浴血反击,//pic0.iqiyipic.com/common/20171106/ac/1b/vip_100000_v_601_0_21.png,//www.iqiyi.com/v_19ruzyxbls.html
1600,电影,隐秘而伟大,//pic0.iqiyipic.com/common/20171106/ac/1b/vip_100000_v_601_0_21.png,//www.iqiyi.com/v_19rrgyaris.html
1601,电影,狂蟒之灾2,//pic0.iqiyipic.com/common/20171106/ac/1b/vip_100000_v_601_0_21.png,//www.iqiyi.com/v_19rrhgn4ig.html
1602,电影,快把我哥带走,//pic0.iqiyipic.com/common/20171106/ac/1b/vip_100000_v_601_0_21.png,//www.iqiyi.com/v_19rrcgmlfg.html
1603,电影,非常人贩3,//pic0.iqiyipic.com/common/20171106/ac/1b/vip_100000_v_601_0_21.png,//www.iqiyi.com/v_19rrnbtyeg.html
1604,电影,复仇战姬,//www.iqiyipic.com/common/fix/site-v4/video-mark/only.png,//www.iqiyi.com/v_19rrce9tu4.html
1605,电影,导火线,//pic0.iqiyipic.com/common/20171106/ac/1b/vip_100000_v_601_0_21.png,//www.iqiyi.com/v_19rrj5vi30.html
1606,电影,三毛从军记,,//www.iqiyi.com/v_19rrny904w.html
1607,电影,地心历险记2：神秘岛,//pic0.iqiyipic.com/common/20171106/ac/1b/vip_100000_v_601_0_21.png,//www.iqiyi.com/v_19rra0fgdw.html
1608,电影,上海皇帝之岁月风云,,//www.iqiyi.com/v_19rrmx7i3k.html
1609,电影,极限特工,//pic0.iqiyipic.com/common/20171106/ac/1b/vip_100000_v_601_0_21.png,//www.iqiyi.com/v_19rrk3us58.html
1610,电影,千与千寻（普通话）,//www.iqiyipic.com/common/fix/site-v4/video-mark/only.png,//www.iqiyi.com/v_19rrvdr32w.html
1611,电影,双旗镇刀客,//pic0.iqiyipic.com/common/20171106/ac/1b/vip_100000_v_601_0_21.png,//www.iqiyi.com/v_19rrj5ahmc.html
1612,电影,阿尔法：狼伴归途（普通话）,//pic0.iqiyipic.com/common/20171106/ac/1b/vip_100000_v_601_0_21.png,//www.iqiyi.com/v_19rr6urr08.html
1613,电影,极度恐慌,//pic0.iqiyipic.com/common/20171106/ac/1b/vip_100000_v_601_0_21.png,//www.iqiyi.com/v_19rra58qnk.html
1614,电影,极限特工3：终极回归,//pic0.iqiyipic.com/common/20171106/ac/1b/vip_100000_v_601_0_21.png,//www.iqiyi.com/v_19rrcnqsuc.html
1615,电影,巨鳄战狂蟒,//pic0.iqiyipic.com/common/20171106/ac/1b/vip_100000_v_601_0_21.png,//www.iqiyi.com/v_19rrodzdog.html
1616,电影,大追捕,//pic0.iqiyipic.com/common/20171106/ac/1b/vip_100000_v_601_0_21.png,//www.iqiyi.com/v_19rrjzm5k4.html
1617,电影,澳门风云3,,//www.iqiyi.com/v_19rrkt424g.html
1618,电影,老井（独家修复版）,//www.iqiyipic.com/common/fix/site-v4/video-mark/only.png,//www.iqiyi.com/v_19rwg8fnsk.html
1619,电影,赌神3,,//www.iqiyi.com/v_19rrj5s870.html
1620,电影,爱寻迷,//pic0.iqiyipic.com/common/20171106/ac/1b/vip_100000_v_601_0_21.png,//www.iqiyi.com/v_19rr7rc45k.html
1621,电影,钟馗嫁妹,//pic0.iqiyipic.com/common/20171106/ac/1b/vip_100000_v_601_0_21.png,//www.iqiyi.com/v_19rrho5uy4.html
1622,电影,湄公河行动,,//www.iqiyi.com/v_19rr96agog.html
1623,电影,狂暴巨兽（普通话）,//pic0.iqiyipic.com/common/20171106/ac/1b/vip_100000_v_601_0_21.png,//www.iqiyi.com/v_19rr2agk7g.html
1624,电影,变形金刚4：绝迹重生,//www.iqiyipic.com/common/fix/site-v4/video-mark/only.png,//www.iqiyi.com/v_19rrifwg66.html
1625,电影,危险关系,//pic0.iqiyipic.com/common/20171106/ac/1b/vip_100000_v_601_0_21.png,//www.iqiyi.com/v_19rrjs86kc.html
1626,电影,双世青蛇,//www.iqiyipic.com/common/fix/site-v4/video-mark/only.png,//www.iqiyi.com/v_19rrso72d4.html
1627,电影,死囚大逃杀,//pic0.iqiyipic.com/common/20171106/ac/1b/vip_100000_v_601_0_21.png,//www.iqiyi.com/v_19rrk2c2hc.html
1628,电影,豹啸,//www.iqiyipic.com/common/fix/site-v4/video-mark/only.png,//www.iqiyi.com/v_19rwkbz1fw.html
1629,电影,天龙特攻队,//pic0.iqiyipic.com/common/20171106/ac/1b/vip_100000_v_601_0_21.png,//www.iqiyi.com/v_19rrmun4z0.html
1630,电影,搜索,//pic0.iqiyipic.com/common/20171106/ac/1b/vip_100000_v_601_0_21.png,//www.iqiyi.com/v_19rrk5grlg.html
1631,电影,港囧,,//www.iqiyi.com/v_19rrkbsxa4.html
1632,电影,夺宝联盟,,//www.iqiyi.com/v_19rrh4q8sk.html
1633,电影,钢铁飞龙之奥特曼崛起,,//www.iqiyi.com/v_19rr3mfxrs.html
1634,电影,地质灾难,,//www.iqiyi.com/v_19rrc2p4y0.html
1635,电影,打过长江去,//pic0.iqiyipic.com/common/20171106/ac/1b/vip_100000_v_601_0_21.png,//www.iqiyi.com/v_19rtwbw0ps.html
1636,电影,速度与激情8,//pic2.iqiyipic.com/common/20171106/bc/1b/vip_100002_v_601_0_21.png,//www.iqiyi.com/v_19rr78nouw.html
1637,电影,宝贝计划,,//www.iqiyi.com/v_19rrjuetwk.html
1638,电影,洪兴大飞哥,,//www.iqiyi.com/v_19rr7qlj60.html
1639,电影,金三角大营救,//www.iqiyipic.com/common/fix/site-v4/video-mark/only.png,//www.iqiyi.com/v_19rrcqwxhg.html
1640,电影,灭绝：丧尸屠城,//pic0.iqiyipic.com/common/20171106/ac/1b/vip_100000_v_601_0_21.png,//www.iqiyi.com/v_19rrobodng.html
1641,电影,风语咒,//pic0.iqiyipic.com/common/20171106/ac/1b/vip_100000_v_601_0_21.png,//www.iqiyi.com/v_19rrcsuqyw.html
1642,电影,穿普拉达的女王,//pic0.iqiyipic.com/common/20171106/ac/1b/vip_100000_v_601_0_21.png,//www.iqiyi.com/v_19rrk175js.html
1643,电影,一个人的武林,//pic0.iqiyipic.com/common/20171106/ac/1b/vip_100000_v_601_0_21.png,//www.iqiyi.com/v_19rrn7ufcs.html
1644,电影,狙击精英：重装上阵,//pic0.iqiyipic.com/common/20171106/ac/1b/vip_100000_v_601_0_21.png,//www.iqiyi.com/v_19rrifl3em.html
1645,电影,大话西游之大圣娶亲,//www.iqiyipic.com/common/fix/site-v4/video-mark/only.png,//www.iqiyi.com/v_19rrkqj66k.html
1646,电影,生化危机：终章,//pic0.iqiyipic.com/common/20171106/ac/1b/vip_100000_v_601_0_21.png,//www.iqiyi.com/v_19rrb4ak1s.html
1647,电影,变形金刚5：最后的骑士,//pic0.iqiyipic.com/common/20171106/ac/1b/vip_100000_v_601_0_21.png,//www.iqiyi.com/v_19rr0fy0lc.html
1648,电影,夺皮,//www.iqiyipic.com/common/fix/site-v4/video-mark/only.png,//www.iqiyi.com/v_19rwisvug0.html
1649,电影,食人岛,//pic0.iqiyipic.com/common/20171106/ac/1b/vip_100000_v_601_0_21.png,//www.iqiyi.com/v_19rras54hw.html
1650,电影,特种兵王2使命抉择,//www.iqiyipic.com/common/fix/site-v4/video-mark/only.png,//www.iqiyi.com/v_19rr8fufbk.html
1651,电影,双子神偷,,//www.iqiyi.com/v_19rrj5vqu8.html
1652,电影,星际穿越,//pic0.iqiyipic.com/common/20171106/ac/1b/vip_100000_v_601_0_21.png,//www.iqiyi.com/v_19rr7qhp7c.html
1653,电影,鬼打鬼,,//www.iqiyi.com/v_19rrifk7ev.html
1654,电影,猪猪侠·不可思议的世界,//pic0.iqiyipic.com/common/20171106/ac/1b/vip_100000_v_601_0_21.png,//www.iqiyi.com/v_19rqzsqpl8.html
1655,电影,生化危机,//pic0.iqiyipic.com/common/20171106/ac/1b/vip_100000_v_601_0_21.png,//www.iqiyi.com/v_19rrk3rr2w.html
1656,电影,123度谋杀案,//www.iqiyipic.com/common/fix/site-v4/video-mark/only.png,//www.iqiyi.com/v_19rw1rrdvg.html
1657,电影,地球停转之日,//pic0.iqiyipic.com/common/20171106/ac/1b/vip_100000_v_601_0_21.png,//www.iqiyi.com/v_19rrgz13ew.html
1658,电影,神勇奶爸,//pic0.iqiyipic.com/common/20171106/ac/1b/vip_100000_v_601_0_21.png,//www.iqiyi.com/v_19rrjcejlg.html
1659,电影,逃学威龙2,,//www.iqiyi.com/v_19rrlul9b8.html
1660,电影,神偷奶爸,//pic0.iqiyipic.com/common/20171106/ac/1b/vip_100000_v_601_0_21.png,//www.iqiyi.com/v_19rri0b9eg.html
1661,电影,敢死队2,,//www.iqiyi.com/v_19rrho97jc.html
1662,电影,复仇者联盟,//pic0.iqiyipic.com/common/20171106/ac/1b/vip_100000_v_601_0_21.png,//www.iqiyi.com/v_19rrk4egc4.html
1663,电影,恶灵骑士,//pic0.iqiyipic.com/common/20171106/ac/1b/vip_100000_v_601_0_21.png,//www.iqiyi.com/v_19rrk3y5r8.html
1664,电影,夺命五头鲨,,//www.iqiyi.com/v_19rrbhl0lk.html
1665,电影,全职高手之巅峰荣耀,//pic0.iqiyipic.com/common/20171106/ac/1b/vip_100000_v_601_0_21.png,//www.iqiyi.com/v_19rsjfywvo.html
1666,电影,大闹天竺,//pic0.iqiyipic.com/common/20171106/ac/1b/vip_100000_v_601_0_21.png,//www.iqiyi.com/v_19rr9tq8ps.html
1667,电影,我是你妈,//pic0.iqiyipic.com/common/20171106/ac/1b/vip_100000_v_601_0_21.png,//www.iqiyi.com/v_19rr7pkf30.html
1668,电影,狼犬丹尼,//pic0.iqiyipic.com/common/20171106/ac/1b/vip_100000_v_601_0_21.png,//www.iqiyi.com/v_19rrho2cwk.html
1669,电影,王牌特工2：黄金圈,//www.iqiyipic.com/common/fix/site-v4/video-mark/only.png,//www.iqiyi.com/v_19rr7pbyv8.html
1670,电影,无双,//pic0.iqiyipic.com/common/20171106/ac/1b/vip_100000_v_601_0_21.png,//www.iqiyi.com/v_19rrdgdwpg.html
1671,电影,少年班,,//www.iqiyi.com/v_19rrnr1a5k.html
1672,电影,风暴,//pic0.iqiyipic.com/common/20171106/ac/1b/vip_100000_v_601_0_21.png,//www.iqiyi.com/v_19rrh5a92s.html
1673,电影,海王,//pic0.iqiyipic.com/common/20171106/ac/1b/vip_100000_v_601_0_21.png,//www.iqiyi.com/v_19rr7pgg30.html
1674,电影,陈翔六点半之重楼别,//www.iqiyipic.com/common/fix/site-v4/video-mark/only.png,//www.iqiyi.com/v_19rseo4qyc.html
1675,电影,老腔,,//www.iqiyi.com/v_19rr9yoock.html
1676,电影,末日崩塌,//pic0.iqiyipic.com/common/20171106/ac/1b/vip_100000_v_601_0_21.png,//www.iqiyi.com/v_19rr7pymr4.html
1677,电影,英雄好汉,,//www.iqiyi.com/v_19rreflgwc.html
1678,电影,第一滴血2,//pic0.iqiyipic.com/common/20171106/ac/1b/vip_100000_v_601_0_21.png,//www.iqiyi.com/v_19rrk3tnvc.html
1679,电影,撕裂的末日,//pic0.iqiyipic.com/common/20171106/ac/1b/vip_100000_v_601_0_21.png,//www.iqiyi.com/v_19rrjqyi24.html
1680,电影,精武风云·陈真,//www.iqiyipic.com/common/fix/site-v4/video-mark/only.png,//www.iqiyi.com/v_19rrjddg0k.html
1681,电影,龙猫,//www.iqiyipic.com/common/fix/site-v4/video-mark/only.png,//www.iqiyi.com/v_19rr7r4y5g.html
1682,电影,最好的我们,//pic0.iqiyipic.com/common/20171106/ac/1b/vip_100000_v_601_0_21.png,//www.iqiyi.com/v_19rqunrp4k.html
1683,电影,怪兽,//www.iqiyipic.com/common/fix/site-v4/video-mark/only.png,//www.iqiyi.com/v_19rqzjloug.html
1684,电影,绝地逃亡（普通话）,,//www.iqiyi.com/v_19rr9j1smk.html
1685,电影,憨豆特工3,//www.iqiyipic.com/common/fix/site-v4/video-mark/only.png,//www.iqiyi.com/v_19rrc03xgw.html
1686,电影,巧奔妙逃,,//www.iqiyi.com/v_19rrn32j20.html
1687,电影,妖铃铃,,//www.iqiyi.com/v_19rr8s6q30.html
1688,电影,巨齿鲨,//pic0.iqiyipic.com/common/20171106/ac/1b/vip_100000_v_601_0_21.png,//www.iqiyi.com/v_19rr7p19oc.html
1689,电影,风语者,//pic0.iqiyipic.com/common/20171106/ac/1b/vip_100000_v_601_0_21.png,//www.iqiyi.com/v_19rr4glpfo.html
1690,电影,使徒行者2：谍影行动,//pic0.iqiyipic.com/common/20171106/ac/1b/vip_100000_v_601_0_21.png,//www.iqiyi.com/v_19rsjg342w.html
1691,电影,江湖学院,//www.iqiyipic.com/common/fix/site-v4/video-mark/only.png,//www.iqiyi.com/v_19rrbnmtso.html
1692,电影,阿丽塔：战斗天使（普通话）,//www.iqiyipic.com/common/fix/site-v4/video-mark/only.png,//www.iqiyi.com/v_19rs6u2oxo.html
1693,电影,全民目击,,//www.iqiyi.com/v_19rrhd097w.html
1694,电影,僵尸医生,,//www.iqiyi.com/v_19rr5updig.html
1695,电影,狼群行动,//www.iqiyipic.com/common/fix/site-v4/video-mark/only.png,//www.iqiyi.com/v_19rsi75wz4.html
1696,电影,怦然心动,//pic0.iqiyipic.com/common/20171106/ac/1b/vip_100000_v_601_0_21.png,//www.iqiyi.com/v_19rra10k7w.html
1697,电影,加勒比海盗3：世界的尽头,//pic0.iqiyipic.com/common/20171106/ac/1b/vip_100000_v_601_0_21.png,//www.iqiyi.com/v_19rrk0tnw0.html
1698,电影,招魂,//www.iqiyipic.com/common/fix/site-v4/video-mark/only.png,//www.iqiyi.com/v_19rrifwg5x.html
1699,电影,愤怒的小孩,//pic0.iqiyipic.com/common/20171106/ac/1b/vip_100000_v_601_0_21.png,//www.iqiyi.com/v_19rrjviir4.html
1700,电影,至尊无上,,//www.iqiyi.com/v_19rrj5rwb8.html
1701,电影,太极张三丰,,//www.iqiyi.com/v_19rrho3d5o.html
1702,电影,叶问之终极一战,,//www.iqiyi.com/v_19rrlh2yww.html
1703,电影,哈利·波特1：哈利·波特与魔法石,//pic0.iqiyipic.com/common/20171106/ac/1b/vip_100000_v_601_0_21.png,//www.iqiyi.com/v_19rrifgoyw.html
1704,电影,灵魂战车2：复仇时刻,,//www.iqiyi.com/v_19rrk6j8ic.html
1705,电影,大约在冬季,//pic0.iqiyipic.com/common/20171106/ac/1b/vip_100000_v_601_0_21.png,//www.iqiyi.com/v_19ruglxa2w.html
1706,电影,御龙修仙传,//www.iqiyipic.com/common/fix/site-v4/video-mark/only.png,//www.iqiyi.com/v_19rqyzlrd0.html
1707,电影,你是凶手,//pic0.iqiyipic.com/common/20171106/ac/1b/vip_100000_v_601_0_21.png,//www.iqiyi.com/v_19ru1uo134.html
1708,电影,城市猎人,,//www.iqiyi.com/v_19rrjcbzys.html
1709,电影,瘦虎肥龙,//pic0.iqiyipic.com/common/20171106/ac/1b/vip_100000_v_601_0_21.png,//www.iqiyi.com/v_19rr7rdnow.html
1710,电影,变相怪杰,//pic0.iqiyipic.com/common/20171106/ac/1b/vip_100000_v_601_0_21.png,//www.iqiyi.com/v_19rweizfyc.html
1711,电影,老井,//pic0.iqiyipic.com/common/20171106/ac/1b/vip_100000_v_601_0_21.png,//www.iqiyi.com/v_19rrhokz1s.html
1712,电影,兰戈,//pic0.iqiyipic.com/common/20171106/ac/1b/vip_100000_v_601_0_21.png,//www.iqiyi.com/v_19rrifklix.html
1713,电影,非洲和尚,//pic0.iqiyipic.com/common/20171106/ac/1b/vip_100000_v_601_0_21.png,//www.iqiyi.com/v_19rrho7bvw.html
1714,电影,反贪风暴3,//pic0.iqiyipic.com/common/20171106/ac/1b/vip_100000_v_601_0_21.png,//www.iqiyi.com/v_19rrdgiq8s.html
1715,电影,变形金刚5：最后的骑士（普通话）,//pic0.iqiyipic.com/common/20171106/ac/1b/vip_100000_v_601_0_21.png,//www.iqiyi.com/v_19rrbmc7uk.html
1716,电影,金陵十三钗,,//www.iqiyi.com/v_19rrhol2mg.html
1717,电影,傲娇与偏见,//pic0.iqiyipic.com/common/20171106/ac/1b/vip_100000_v_601_0_21.png,//www.iqiyi.com/v_19rrb0w164.html
1718,电影,刀,//pic0.iqiyipic.com/common/20171106/ac/1b/vip_100000_v_601_0_21.png,//www.iqiyi.com/v_19rr7qqup0.html
1719,电影,美国狙击手,//www.iqiyipic.com/common/fix/site-v4/video-mark/only.png,//www.iqiyi.com/v_19rr7q0h4s.html
1720,电影,绝代双骄,,//www.iqiyi.com/v_19rrj5uo1g.html
1721,电影,杀破狼2,//pic0.iqiyipic.com/common/20171106/ac/1b/vip_100000_v_601_0_21.png,//www.iqiyi.com/v_19rrolm54g.html
1722,电影,监狱风云,,//www.iqiyi.com/v_19rr4y61ws.html
1723,电影,双子杀手,//pic0.iqiyipic.com/common/20171106/ac/1b/vip_100000_v_601_0_21.png,//www.iqiyi.com/v_19rrcb0s44.html
1724,电影,二次曝光,//pic0.iqiyipic.com/common/20171106/ac/1b/vip_100000_v_601_0_21.png,//www.iqiyi.com/v_19rr7r53gc.html
1725,电影,微微一笑很倾城,//pic0.iqiyipic.com/common/20171106/ac/1b/vip_100000_v_601_0_21.png,//www.iqiyi.com/v_19rrm3lvmg.html
1726,电影,疾速特攻,//www.iqiyipic.com/common/fix/site-v4/video-mark/only.png,//www.iqiyi.com/v_19rrb0wzbo.html
1727,电影,再见18班,//www.iqiyipic.com/common/fix/site-v4/video-mark/only.png,//www.iqiyi.com/v_19rrbpctvo.html
1728,电影,宝莱坞机器人2.0：重生归来（普通话）,//pic0.iqiyipic.com/common/20171106/ac/1b/vip_100000_v_601_0_21.png,//www.iqiyi.com/v_19rveni2c4.html
1729,电影,人间·喜剧,//pic0.iqiyipic.com/common/20171106/ac/1b/vip_100000_v_601_0_21.png,//www.iqiyi.com/v_19rrbokik0.html
1730,电影,少林寺,//pic0.iqiyipic.com/common/20171106/ac/1b/vip_100000_v_601_0_21.png,//www.iqiyi.com/v_19rrho7dy4.html
1731,电影,恶战,//pic0.iqiyipic.com/common/20171106/ac/1b/vip_100000_v_601_0_21.png,//www.iqiyi.com/v_19rrnf368g.html
1732,电影,激战,//pic0.iqiyipic.com/common/20171106/ac/1b/vip_100000_v_601_0_21.png,//www.iqiyi.com/v_19rrg30k44.html
1733,电影,少林僵尸,,//www.iqiyi.com/v_19rrbz9o6s.html
1734,电影,胖子行动队,//pic0.iqiyipic.com/common/20171106/ac/1b/vip_100000_v_601_0_21.png,//www.iqiyi.com/v_19rr8u75c0.html
1735,电影,四大神兽外传,//www.iqiyipic.com/common/fix/site-v4/video-mark/only.png,//www.iqiyi.com/v_19rvatm0mg.html
1736,电影,血仍未冷,//pic0.iqiyipic.com/common/20171106/ac/1b/vip_100000_v_601_0_21.png,//www.iqiyi.com/v_19rrn5p61g.html
1737,电影,国产凌凌漆,//pic0.iqiyipic.com/common/20171106/ac/1b/vip_100000_v_601_0_21.png,//www.iqiyi.com/v_19rrj6ukg4.html
1738,电影,比悲伤更悲伤的故事,//pic0.iqiyipic.com/common/20171106/ac/1b/vip_100000_v_601_0_21.png,//www.iqiyi.com/v_19rqu5yufg.html
1739,电影,史密斯夫妇,//pic0.iqiyipic.com/common/20171106/ac/1b/vip_100000_v_601_0_21.png,//www.iqiyi.com/v_19rrgyrhi4.html
1740,电影,大鱼海棠,,//www.iqiyi.com/v_19rrm3u1io.html
1741,电影,狂蟒之灾,//pic0.iqiyipic.com/common/20171106/ac/1b/vip_100000_v_601_0_21.png,//www.iqiyi.com/v_19rrk40bik.html
1742,电影,猩球崛起3：终极之战（普通话）,//www.iqiyipic.com/common/fix/site-v4/video-mark/only.png,//www.iqiyi.com/v_19rrdr331g.html
1743,电影,木乃伊2,//pic0.iqiyipic.com/common/20171106/ac/1b/vip_100000_v_601_0_21.png,//www.iqiyi.com/v_19rrhy4tsg.html
1744,电影,头文字D,,//www.iqiyi.com/v_19rrjcmsec.html
1745,电影,银行大劫案（2008）,,//www.iqiyi.com/v_19rrhvzrps.html
1746,电影,追龙,,//www.iqiyi.com/v_19rr8ya20o.html
1747,电影,那些年，我们一起追的女孩,,//www.iqiyi.com/v_19rrjzuao4.html
1748,电影,阿凡达,//pic0.iqiyipic.com/common/20171106/ac/1b/vip_100000_v_601_0_21.png,//www.iqiyi.com/v_19rrn8vkts.html
1749,电影,疯狂的石头,//pic0.iqiyipic.com/common/20171106/ac/1b/vip_100000_v_601_0_21.png,//www.iqiyi.com/v_19rrmy7yko.html
1750,电影,你的名字。,,//www.iqiyi.com/v_19rr7p4m3k.html
1751,电影,精灵变,//pic0.iqiyipic.com/common/20171106/ac/1b/vip_100000_v_601_0_21.png,//www.iqiyi.com/v_19rrmy892k.html
1752,电影,古墓诡棺,//www.iqiyipic.com/common/fix/site-v4/video-mark/only.png,//www.iqiyi.com/v_19rsbyhcmk.html
1753,电影,千王之王2000,//pic0.iqiyipic.com/common/20171106/ac/1b/vip_100000_v_601_0_21.png,//www.iqiyi.com/v_19rrm5jwqo.html
1754,电影,魔兽（普通话）,//pic0.iqiyipic.com/common/20171106/ac/1b/vip_100000_v_601_0_21.png,//www.iqiyi.com/v_19rr99kwus.html
1755,电影,羞羞的铁拳,,//www.iqiyi.com/v_19rr7pmvcw.html
1756,电影,追凶者也,//www.iqiyipic.com/common/fix/site-v4/video-mark/only.png,//www.iqiyi.com/v_19rr7q7dtw.html
1757,电影,人间中毒,,//www.iqiyi.com/v_19rrn6n7ig.html
1758,电影,无敌反斗星,//pic0.iqiyipic.com/common/20171106/ac/1b/vip_100000_v_601_0_21.png,//www.iqiyi.com/v_19rrjee6y8.html
1759,电影,狐王殿下恋爱了,//www.iqiyipic.com/common/fix/site-v4/video-mark/only.png,//www.iqiyi.com/v_19rsb8mj8g.html
1760,电影,传染,//pic0.iqiyipic.com/common/20171106/ac/1b/vip_100000_v_601_0_21.png,//www.iqiyi.com/v_19rr9ajfh8.html
1761,电影,密战,,//www.iqiyi.com/v_19rrebyuec.html
1762,电影,食神,//pic0.iqiyipic.com/common/20171106/ac/1b/vip_100000_v_601_0_21.png,//www.iqiyi.com/v_19rr7k9cgs.html
1763,电影,诱狼,,//www.iqiyi.com/v_19rrl6tuzc.html
1764,电影,蓝色生死恋,//pic0.iqiyipic.com/common/20171106/ac/1b/vip_100000_v_601_0_21.png,//www.iqiyi.com/v_19rqr832ok.html
1765,电影,人鬼神,//pic0.iqiyipic.com/common/20171106/ac/1b/vip_100000_v_601_0_21.png,//www.iqiyi.com/v_19rrho3i2o.html
1766,电影,奇幻森林,//pic0.iqiyipic.com/common/20171106/ac/1b/vip_100000_v_601_0_21.png,//www.iqiyi.com/v_19rrljx3q8.html
1767,电影,狂暴凶狮,,//www.iqiyi.com/v_19rqtyujxg.html
1768,电影,狙击精英：战纪,//pic0.iqiyipic.com/common/20171106/ac/1b/vip_100000_v_601_0_21.png,//www.iqiyi.com/v_19rrn9pm1s.html
1769,电影,睡在我上铺的兄弟,,//www.iqiyi.com/v_19rr74xyxo.html
1770,电影,特种部队：眼镜蛇的崛起,//pic0.iqiyipic.com/common/20171106/ac/1b/vip_100000_v_601_0_21.png,//www.iqiyi.com/v_19rrg52ock.html
1771,电影,杀破狼,//pic0.iqiyipic.com/common/20171106/ac/1b/vip_100000_v_601_0_21.png,//www.iqiyi.com/v_19rrj5u8pc.html
1772,电影,死侍,//www.iqiyipic.com/common/fix/site-v4/video-mark/only.png,//www.iqiyi.com/v_19rr7q1s5w.html
1773,电影,巅峰营救,//www.iqiyipic.com/common/fix/site-v4/video-mark/only.png,//www.iqiyi.com/v_19rsjwhgsw.html
1774,电影,流氓医生,,//www.iqiyi.com/v_19rrj5y3w4.html
1775,电影,功夫瑜伽,//pic0.iqiyipic.com/common/20171106/ac/1b/vip_100000_v_601_0_21.png,//www.iqiyi.com/v_19rr9tqe9s.html
1776,电影,鲨滩,//www.iqiyipic.com/common/fix/site-v4/video-mark/only.png,//www.iqiyi.com/v_19rr9e8xpk.html
1777,电影,昼颜,,//www.iqiyi.com/v_19rr7pkzeg.html
1778,电影,狄仁杰之四大天王,,//www.iqiyi.com/v_19rr7pi4k4.html
1779,电影,鬼屋,//pic0.iqiyipic.com/common/20171106/ac/1b/vip_100000_v_601_0_21.png,//www.iqiyi.com/v_19rrk0t2cw.html
1780,电影,黑鹰坠落,//pic0.iqiyipic.com/common/20171106/ac/1b/vip_100000_v_601_0_21.png,//www.iqiyi.com/v_19rrk3p5u8.html
1781,电影,红高粱（独家修复版）,//www.iqiyipic.com/common/fix/site-v4/video-mark/only.png,//www.iqiyi.com/v_19rwg88qy0.html
1782,电影,欲望之城,//pic0.iqiyipic.com/common/20171106/ac/1b/vip_100000_v_601_0_21.png,//www.iqiyi.com/v_19rr7qnuo4.html
1783,电影,轰天抢救,//pic0.iqiyipic.com/common/20171106/ac/1b/vip_100000_v_601_0_21.png,//www.iqiyi.com/v_19rr7q8rmg.html
1784,电影,杀手：代号47,//pic0.iqiyipic.com/common/20171106/ac/1b/vip_100000_v_601_0_21.png,//www.iqiyi.com/v_19rrn3ko4k.html
1785,电影,心花路放,,//www.iqiyi.com/v_19rrn94g50.html
1786,电影,怒火保镖,//www.iqiyipic.com/common/fix/site-v4/video-mark/only.png,//www.iqiyi.com/v_19rro0i000.html
1787,电影,残花,//pic0.iqiyipic.com/common/20171106/ac/1b/vip_100000_v_601_0_21.png,//www.iqiyi.com/v_19rrhcm100.html
1788,电影,九层妖塔,,//www.iqiyi.com/v_19rr75th2w.html
1789,电影,亡灵,,//www.iqiyi.com/v_19rrn9507s.html
1790,电影,变形金刚,//www.iqiyipic.com/common/fix/site-v4/video-mark/only.png,//www.iqiyi.com/v_19rrk3p3ds.html
1791,电影,审死官,//pic0.iqiyipic.com/common/20171106/ac/1b/vip_100000_v_601_0_21.png,//www.iqiyi.com/v_19rrj5afmc.html
1792,电影,催眠·裁决,//pic0.iqiyipic.com/common/20171106/ac/1b/vip_100000_v_601_0_21.png,//www.iqiyi.com/v_19rrc1d7ic.html
1793,电影,超能陆战队（普通话）,//pic0.iqiyipic.com/common/20171106/ac/1b/vip_100000_v_601_0_21.png,//www.iqiyi.com/v_19rrntrosc.html
1794,电影,蓝精灵：寻找神秘村（国语）,//pic0.iqiyipic.com/common/20171106/ac/1b/vip_100000_v_601_0_21.png,//www.iqiyi.com/v_19rr7s7l2k.html
1795,电影,王牌霸王花,//www.iqiyipic.com/common/fix/site-v4/video-mark/only.png,//www.iqiyi.com/v_19rquakwp0.html
1796,电影,僵尸少爷,,//www.iqiyi.com/v_19rrmwhcn4.html
1797,电影,无间道,,//www.iqiyi.com/v_19rrjefg34.html
1798,电影,降魔大师,//www.iqiyipic.com/common/fix/site-v4/video-mark/only.png,//www.iqiyi.com/v_19ruzz8igg.html
1799,电影,蜀山降魔传2,,//www.iqiyi.com/v_19rrsq7wxk.html
1800,电影,木乃伊3,//pic0.iqiyipic.com/common/20171106/ac/1b/vip_100000_v_601_0_21.png,//www.iqiyi.com/v_19rrhxue2o.html
1801,电影,新龙门客栈,//pic0.iqiyipic.com/common/20171106/ac/1b/vip_100000_v_601_0_21.png,//www.iqiyi.com/v_19rrho7h84.html
1802,电影,血与骨,//pic0.iqiyipic.com/common/20171106/ac/1b/vip_100000_v_601_0_21.png,//www.iqiyi.com/v_19rrho6y3g.html
1803,电影,狂怒,,//www.iqiyi.com/v_19rrnyc3yk.html
1804,电影,奇门遁甲,,//www.iqiyi.com/v_19rrfnf1gk.html
1805,电影,龙牌之谜,//pic0.iqiyipic.com/common/20171106/ac/1b/vip_100000_v_601_0_21.png,//www.iqiyi.com/v_19rr7pmunk.html
1806,电影,飞龙猛将,,//www.iqiyi.com/v_19rrjbs2ho.html
1807,电影,哈利·波特2：哈利·波特与密室,//pic0.iqiyipic.com/common/20171106/ac/1b/vip_100000_v_601_0_21.png,//www.iqiyi.com/v_19rrifgpcx.html
1808,电影,观音山,//www.iqiyipic.com/common/fix/site-v4/video-mark/only.png,//www.iqiyi.com/v_19rrjbrm2s.html
1809,电影,昨日青空,//www.iqiyipic.com/common/fix/site-v4/video-mark/only.png,//www.iqiyi.com/v_19rrdurjo8.html
1810,电影,大上海,//pic0.iqiyipic.com/common/20171106/ac/1b/vip_100000_v_601_0_21.png,//www.iqiyi.com/v_19rrjxbrh0.html
1811,电影,通缉令,//pic0.iqiyipic.com/common/20171106/ac/1b/vip_100000_v_601_0_21.png,//www.iqiyi.com/v_19rrhxuehc.html
1812,电影,芳华,,//www.iqiyi.com/v_19rr7pe5k4.html
1813,电影,三炮笑工坊,,//www.iqiyi.com/v_19rw4e8930.html
1814,电影,悲伤逆流成河,,//www.iqiyi.com/v_19rrcswefs.html
1815,电影,血钻,//pic0.iqiyipic.com/common/20171106/ac/1b/vip_100000_v_601_0_21.png,//www.iqiyi.com/v_19rra04q2k.html
1816,电影,惊变28周,//pic0.iqiyipic.com/common/20171106/ac/1b/vip_100000_v_601_0_21.png,//www.iqiyi.com/v_19rrhu2ivo.html
1817,电影,飞鹰计划,,//www.iqiyi.com/v_19rrg40ns8.html
1818,电影,A计划,,//www.iqiyi.com/v_19rrjcel8w.html
1819,电影,洗黑钱,,//www.iqiyi.com/v_19rrk0ywq8.html
1820,电影,僵尸福星仔（粤语）,//pic0.iqiyipic.com/common/20171106/ac/1b/vip_100000_v_601_0_21.png,//www.iqiyi.com/v_19rrdh2lb4.html
1821,电影,汉江怪物,,//www.iqiyi.com/v_19rrhuqpaw.html
1822,电影,当幸福来敲门,//pic0.iqiyipic.com/common/20171106/ac/1b/vip_100000_v_601_0_21.png,//www.iqiyi.com/v_19rrk3nlys.html
1823,电影,长城,,//www.iqiyi.com/v_19rr7d6p3s.html
1824,电影,功夫熊猫3（普通话）,,//www.iqiyi.com/v_19rrluo3zo.html
1825,电影,疯狂动物城,//pic0.iqiyipic.com/common/20171106/ac/1b/vip_100000_v_601_0_21.png,//www.iqiyi.com/v_19rrlpltbg.html
1826,电影,寻龙诀,,//www.iqiyi.com/v_19rrl656p0.html
